계정,이름,사번,직급,담당업무,부서,접속일자,IP주소
hgchoi,최홍길,95722448,Senior Engineer,선임연구원,반도체사업부,2025-09-24,61.82.130.250
manager,김팀장,89500230,Manager,팀장,품질관리팀,2025-09-24,192.168.1.101
engineer,이연구원,88393626,Engineer,연구원,연구개발부,2025-09-24,192.168.1.102
analyst,박분석가,68760390,Analyst,분석가,데이터분석팀,2025-09-24,135.237.127.112
tester,정테스터,79680352,Tester,테스터,QA팀,2025-09-24,35.216.159.222
nina107,류유진,70489367,Senior Engineer,팀장,운영팀,2025-07-05,200.18.211.16
nina107,류유진,70489367,Senior Engineer,팀장,운영팀,2025-07-11,200.18.211.16
nina107,류유진,70489367,Senior Engineer,팀장,운영팀,2025-07-27,200.18.211.16
nina107,류유진,70489367,Senior Engineer,팀장,운영팀,2025-07-28,200.18.211.16
nina107,류유진,70489367,Senior Engineer,팀장,운영팀,2025-07-29,200.18.211.16
nina107,류유진,70489367,Senior Engineer,팀장,운영팀,2025-08-15,200.18.211.16
nina107,류유진,70489367,Senior Engineer,팀장,운영팀,2025-08-19,200.18.211.16
nina107,류유진,70489367,Senior Engineer,팀장,운영팀,2025-08-28,200.18.211.16
nina107,류유진,70489367,Senior Engineer,팀장,운영팀,2025-09-05,200.18.211.16
nina107,류유진,70489367,Senior Engineer,팀장,운영팀,2025-09-15,200.18.211.16
nina107,류유진,70489367,Senior Engineer,팀장,운영팀,2025-09-19,200.18.211.16
james806,박광수,83416761,Senior Analyst,설계자,데이터분석팀,2025-07-05,201.70.143.14
james806,박광수,83416761,Senior Analyst,설계자,데이터분석팀,2025-07-06,201.70.143.14
james806,박광수,83416761,Senior Analyst,설계자,데이터분석팀,2025-07-08,201.70.143.14
james806,박광수,83416761,Senior Analyst,설계자,데이터분석팀,2025-07-14,201.70.143.14
james806,박광수,83416761,Senior Analyst,설계자,데이터분석팀,2025-07-15,201.70.143.14
james806,박광수,83416761,Senior Analyst,설계자,데이터분석팀,2025-07-27,201.70.143.14
james806,박광수,83416761,Senior Analyst,설계자,데이터분석팀,2025-08-02,201.70.143.14
james806,박광수,83416761,Senior Analyst,설계자,데이터분석팀,2025-08-03,201.70.143.14
james806,박광수,83416761,Senior Analyst,설계자,데이터분석팀,2025-08-05,201.70.143.14
james806,박광수,83416761,Senior Analyst,설계자,데이터분석팀,2025-08-13,201.70.143.14
james806,박광수,83416761,Senior Analyst,설계자,데이터분석팀,2025-08-19,201.70.143.14
james806,박광수,83416761,Senior Analyst,설계자,데이터분석팀,2025-08-20,201.70.143.14
james806,박광수,83416761,Senior Analyst,설계자,데이터분석팀,2025-08-22,201.70.143.14
james806,박광수,83416761,Senior Analyst,설계자,데이터분석팀,2025-08-25,201.70.143.14
james806,박광수,83416761,Senior Analyst,설계자,데이터분석팀,2025-08-27,201.70.143.14
james806,박광수,83416761,Senior Analyst,설계자,데이터분석팀,2025-09-10,201.70.143.14
james806,박광수,83416761,Senior Analyst,설계자,데이터분석팀,2025-09-13,201.70.143.14
james806,박광수,83416761,Senior Analyst,설계자,데이터분석팀,2025-09-14,201.70.143.14
james806,박광수,83416761,Senior Analyst,설계자,데이터분석팀,2025-09-15,201.70.143.14
james806,박광수,83416761,Senior Analyst,설계자,데이터분석팀,2025-09-17,201.70.143.14
james806,박광수,83416761,Senior Analyst,설계자,데이터분석팀,2025-09-18,201.70.143.14
james806,박광수,83416761,Senior Analyst,설계자,데이터분석팀,2025-09-20,201.70.143.14
james806,박광수,83416761,Senior Analyst,설계자,데이터분석팀,2025-09-22,201.70.143.14
james806,박광수,83416761,Senior Analyst,설계자,데이터분석팀,2025-09-23,201.70.143.14
james806,박광수,83416761,Senior Analyst,설계자,데이터분석팀,2025-09-24,201.70.143.14
lucy625,전성민,99449013,Senior Developer,선임개발자,인사부,2025-06-28,228.245.54.21
lucy625,전성민,99449013,Senior Developer,선임개발자,인사부,2025-06-29,228.245.54.21
lucy625,전성민,99449013,Senior Developer,선임개발자,인사부,2025-07-01,228.245.54.21
lucy625,전성민,99449013,Senior Developer,선임개발자,인사부,2025-07-11,228.245.54.21
lucy625,전성민,99449013,Senior Developer,선임개발자,인사부,2025-07-13,228.245.54.21
lucy625,전성민,99449013,Senior Developer,선임개발자,인사부,2025-08-06,228.245.54.21
lucy625,전성민,99449013,Senior Developer,선임개발자,인사부,2025-08-10,228.245.54.21
lucy625,전성민,99449013,Senior Developer,선임개발자,인사부,2025-08-12,228.245.54.21
lucy625,전성민,99449013,Senior Developer,선임개발자,인사부,2025-08-15,228.245.54.21
lucy625,전성민,99449013,Senior Developer,선임개발자,인사부,2025-08-16,228.245.54.21
lucy625,전성민,99449013,Senior Developer,선임개발자,인사부,2025-08-27,228.245.54.21
lucy625,전성민,99449013,Senior Developer,선임개발자,인사부,2025-08-28,228.245.54.21
lucy625,전성민,99449013,Senior Developer,선임개발자,인사부,2025-09-01,228.245.54.21
lucy625,전성민,99449013,Senior Developer,선임개발자,인사부,2025-09-03,228.245.54.21
lucy625,전성민,99449013,Senior Developer,선임개발자,인사부,2025-09-18,228.245.54.21
lucy625,전성민,99449013,Senior Developer,선임개발자,인사부,2025-09-24,228.245.54.21
kate487,최성민,42559660,Analyst,부장,기획부,2025-06-28,199.95.251.83
kate487,최성민,42559660,Analyst,부장,기획부,2025-07-01,199.95.251.83
kate487,최성민,42559660,Analyst,부장,기획부,2025-07-03,199.95.251.83
kate487,최성민,42559660,Analyst,부장,기획부,2025-07-08,199.95.251.83
kate487,최성민,42559660,Analyst,부장,기획부,2025-07-15,199.95.251.83
kate487,최성민,42559660,Analyst,부장,기획부,2025-07-16,199.95.251.83
kate487,최성민,42559660,Analyst,부장,기획부,2025-07-18,199.95.251.83
kate487,최성민,42559660,Analyst,부장,기획부,2025-07-23,199.95.251.83
kate487,최성민,42559660,Analyst,부장,기획부,2025-07-29,199.95.251.83
kate487,최성민,42559660,Analyst,부장,기획부,2025-07-30,199.95.251.83
kate487,최성민,42559660,Analyst,부장,기획부,2025-08-14,199.95.251.83
kate487,최성민,42559660,Analyst,부장,기획부,2025-08-16,199.95.251.83
kate487,최성민,42559660,Analyst,부장,기획부,2025-08-17,199.95.251.83
kate487,최성민,42559660,Analyst,부장,기획부,2025-08-20,199.95.251.83
kate487,최성민,42559660,Analyst,부장,기획부,2025-08-23,199.95.251.83
kate487,최성민,42559660,Analyst,부장,기획부,2025-08-26,199.95.251.83
kate487,최성민,42559660,Analyst,부장,기획부,2025-08-27,199.95.251.83
kate487,최성민,42559660,Analyst,부장,기획부,2025-08-29,199.95.251.83
kate487,최성민,42559660,Analyst,부장,기획부,2025-09-02,199.95.251.83
kate487,최성민,42559660,Analyst,부장,기획부,2025-09-03,199.95.251.83
kate487,최성민,42559660,Analyst,부장,기획부,2025-09-06,199.95.251.83
kate487,최성민,42559660,Analyst,부장,기획부,2025-09-09,199.95.251.83
kate487,최성민,42559660,Analyst,부장,기획부,2025-09-14,199.95.251.83
kate487,최성민,42559660,Analyst,부장,기획부,2025-09-23,199.95.251.83
david033,정철수,31629306,Architect,어시스턴트,고객지원팀,2025-07-23,247.222.184.216
david033,정철수,31629306,Architect,어시스턴트,고객지원팀,2025-08-04,247.222.184.216
david033,정철수,31629306,Architect,어시스턴트,고객지원팀,2025-08-07,247.222.184.216
david033,정철수,31629306,Architect,어시스턴트,고객지원팀,2025-08-18,247.222.184.216
david033,정철수,31629306,Architect,어시스턴트,고객지원팀,2025-08-28,247.222.184.216
david033,정철수,31629306,Architect,어시스턴트,고객지원팀,2025-09-01,247.222.184.216
david033,정철수,31629306,Architect,어시스턴트,고객지원팀,2025-09-07,247.222.184.216
david033,정철수,31629306,Architect,어시스턴트,고객지원팀,2025-09-17,247.222.184.216
david033,정철수,31629306,Architect,어시스턴트,고객지원팀,2025-09-23,247.222.184.216
grace785,임미영,82147337,Senior Analyst,팀장,QA팀,2025-06-27,147.37.138.218
grace785,임미영,82147337,Senior Analyst,팀장,QA팀,2025-07-08,147.37.138.218
grace785,임미영,82147337,Senior Analyst,팀장,QA팀,2025-07-09,147.37.138.218
grace785,임미영,82147337,Senior Analyst,팀장,QA팀,2025-07-23,147.37.138.218
grace785,임미영,82147337,Senior Analyst,팀장,QA팀,2025-07-24,147.37.138.218
grace785,임미영,82147337,Senior Analyst,팀장,QA팀,2025-07-27,147.37.138.218
grace785,임미영,82147337,Senior Analyst,팀장,QA팀,2025-08-01,147.37.138.218
grace785,임미영,82147337,Senior Analyst,팀장,QA팀,2025-08-07,147.37.138.218
grace785,임미영,82147337,Senior Analyst,팀장,QA팀,2025-08-10,147.37.138.218
grace785,임미영,82147337,Senior Analyst,팀장,QA팀,2025-08-12,147.37.138.218
grace785,임미영,82147337,Senior Analyst,팀장,QA팀,2025-08-18,147.37.138.218
grace785,임미영,82147337,Senior Analyst,팀장,QA팀,2025-08-23,147.37.138.218
grace785,임미영,82147337,Senior Analyst,팀장,QA팀,2025-08-25,147.37.138.218
grace785,임미영,82147337,Senior Analyst,팀장,QA팀,2025-08-30,147.37.138.218
grace785,임미영,82147337,Senior Analyst,팀장,QA팀,2025-08-31,147.37.138.218
grace785,임미영,82147337,Senior Analyst,팀장,QA팀,2025-09-03,147.37.138.218
grace785,임미영,82147337,Senior Analyst,팀장,QA팀,2025-09-04,147.37.138.218
grace785,임미영,82147337,Senior Analyst,팀장,QA팀,2025-09-09,147.37.138.218
grace785,임미영,82147337,Senior Analyst,팀장,QA팀,2025-09-14,147.37.138.218
grace785,임미영,82147337,Senior Analyst,팀장,QA팀,2025-09-17,147.37.138.218
grace785,임미영,82147337,Senior Analyst,팀장,QA팀,2025-09-19,147.37.138.218
grace785,임미영,82147337,Senior Analyst,팀장,QA팀,2025-09-22,147.37.138.218
grace785,임미영,82147337,Senior Analyst,팀장,QA팀,2025-09-23,147.37.138.218
paul319,송나영,73975468,Developer,전문가,재무부,2025-06-29,97.218.188.77
paul319,송나영,73975468,Developer,전문가,재무부,2025-07-01,97.218.188.77
paul319,송나영,73975468,Developer,전문가,재무부,2025-07-02,97.218.188.77
paul319,송나영,73975468,Developer,전문가,재무부,2025-07-03,97.218.188.77
paul319,송나영,73975468,Developer,전문가,재무부,2025-07-04,97.218.188.77
paul319,송나영,73975468,Developer,전문가,재무부,2025-07-12,97.218.188.77
paul319,송나영,73975468,Developer,전문가,재무부,2025-07-19,97.218.188.77
paul319,송나영,73975468,Developer,전문가,재무부,2025-07-24,97.218.188.77
paul319,송나영,73975468,Developer,전문가,재무부,2025-07-30,97.218.188.77
paul319,송나영,73975468,Developer,전문가,재무부,2025-07-31,97.218.188.77
paul319,송나영,73975468,Developer,전문가,재무부,2025-08-03,97.218.188.77
paul319,송나영,73975468,Developer,전문가,재무부,2025-08-11,97.218.188.77
paul319,송나영,73975468,Developer,전문가,재무부,2025-08-16,97.218.188.77
paul319,송나영,73975468,Developer,전문가,재무부,2025-08-18,97.218.188.77
paul319,송나영,73975468,Developer,전문가,재무부,2025-08-21,97.218.188.77
paul319,송나영,73975468,Developer,전문가,재무부,2025-08-28,97.218.188.77
paul319,송나영,73975468,Developer,전문가,재무부,2025-09-09,97.218.188.77
paul319,송나영,73975468,Developer,전문가,재무부,2025-09-10,97.218.188.77
paul319,송나영,73975468,Developer,전문가,재무부,2025-09-17,97.218.188.77
paul319,송나영,73975468,Developer,전문가,재무부,2025-09-18,97.218.188.77
jane524,정성민,63709458,Senior Engineer,리드,운영팀,2025-08-12,64.75.173.8
jane524,정성민,63709458,Senior Engineer,리드,운영팀,2025-09-22,64.75.173.8
amy897,서유진,54820106,Senior Manager,전문가,기획부,2025-06-28,53.254.161.205
amy897,서유진,54820106,Senior Manager,전문가,기획부,2025-07-16,53.254.161.205
amy897,서유진,54820106,Senior Manager,전문가,기획부,2025-07-27,53.254.161.205
amy897,서유진,54820106,Senior Manager,전문가,기획부,2025-08-09,53.254.161.205
amy897,서유진,54820106,Senior Manager,전문가,기획부,2025-08-31,53.254.161.205
amy897,서유진,54820106,Senior Manager,전문가,기획부,2025-09-01,53.254.161.205
amy897,서유진,54820106,Senior Manager,전문가,기획부,2025-09-12,53.254.161.205
amy027,정철수,92560213,Tester,전문가,인사부,2025-06-27,51.148.227.207
amy027,정철수,92560213,Tester,전문가,인사부,2025-07-04,51.148.227.207
amy027,정철수,92560213,Tester,전문가,인사부,2025-07-15,51.148.227.207
amy027,정철수,92560213,Tester,전문가,인사부,2025-07-17,51.148.227.207
amy027,정철수,92560213,Tester,전문가,인사부,2025-07-20,51.148.227.207
amy027,정철수,92560213,Tester,전문가,인사부,2025-07-22,51.148.227.207
amy027,정철수,92560213,Tester,전문가,인사부,2025-08-02,51.148.227.207
amy027,정철수,92560213,Tester,전문가,인사부,2025-08-04,51.148.227.207
amy027,정철수,92560213,Tester,전문가,인사부,2025-08-07,51.148.227.207
amy027,정철수,92560213,Tester,전문가,인사부,2025-08-11,51.148.227.207
amy027,정철수,92560213,Tester,전문가,인사부,2025-09-09,51.148.227.207
amy027,정철수,92560213,Tester,전문가,인사부,2025-09-17,51.148.227.207
amy027,정철수,92560213,Tester,전문가,인사부,2025-09-18,51.148.227.207
amy027,정철수,92560213,Tester,전문가,인사부,2025-09-20,51.148.227.207
amy027,정철수,92560213,Tester,전문가,인사부,2025-09-21,51.148.227.207
sarah399,안선미,75434530,Engineer,코디네이터,기획부,2025-07-14,176.112.239.22
sarah399,안선미,75434530,Engineer,코디네이터,기획부,2025-07-15,176.112.239.22
sarah399,안선미,75434530,Engineer,코디네이터,기획부,2025-07-25,176.112.239.22
sarah399,안선미,75434530,Engineer,코디네이터,기획부,2025-07-29,176.112.239.22
sarah399,안선미,75434530,Engineer,코디네이터,기획부,2025-07-30,176.112.239.22
sarah399,안선미,75434530,Engineer,코디네이터,기획부,2025-08-12,176.112.239.22
sarah399,안선미,75434530,Engineer,코디네이터,기획부,2025-08-20,176.112.239.22
sarah399,안선미,75434530,Engineer,코디네이터,기획부,2025-09-12,176.112.239.22
sarah399,안선미,75434530,Engineer,코디네이터,기획부,2025-09-14,176.112.239.22
mike566,강영희,61769581,Senior Developer,이사,고객지원팀,2025-06-30,37.25.186.235
mike566,강영희,61769581,Senior Developer,이사,고객지원팀,2025-07-05,37.25.186.235
mike566,강영희,61769581,Senior Developer,이사,고객지원팀,2025-07-09,37.25.186.235
mike566,강영희,61769581,Senior Developer,이사,고객지원팀,2025-07-13,37.25.186.235
mike566,강영희,61769581,Senior Developer,이사,고객지원팀,2025-07-20,37.25.186.235
mike566,강영희,61769581,Senior Developer,이사,고객지원팀,2025-07-30,37.25.186.235
mike566,강영희,61769581,Senior Developer,이사,고객지원팀,2025-07-31,37.25.186.235
mike566,강영희,61769581,Senior Developer,이사,고객지원팀,2025-08-01,37.25.186.235
mike566,강영희,61769581,Senior Developer,이사,고객지원팀,2025-08-06,37.25.186.235
mike566,강영희,61769581,Senior Developer,이사,고객지원팀,2025-08-07,37.25.186.235
mike566,강영희,61769581,Senior Developer,이사,고객지원팀,2025-08-08,37.25.186.235
mike566,강영희,61769581,Senior Developer,이사,고객지원팀,2025-08-10,37.25.186.235
mike566,강영희,61769581,Senior Developer,이사,고객지원팀,2025-08-13,37.25.186.235
mike566,강영희,61769581,Senior Developer,이사,고객지원팀,2025-08-22,37.25.186.235
mike566,강영희,61769581,Senior Developer,이사,고객지원팀,2025-08-25,37.25.186.235
mike566,강영희,61769581,Senior Developer,이사,고객지원팀,2025-09-01,37.25.186.235
mike566,강영희,61769581,Senior Developer,이사,고객지원팀,2025-09-14,37.25.186.235
mike566,강영희,61769581,Senior Developer,이사,고객지원팀,2025-09-15,37.25.186.235
mike566,강영희,61769581,Senior Developer,이사,고객지원팀,2025-09-17,37.25.186.235
mike566,강영희,61769581,Senior Developer,이사,고객지원팀,2025-09-24,37.25.186.235
james805,조은정,43260089,Lead,팀장,재무부,2025-06-29,124.48.219.66
james805,조은정,43260089,Lead,팀장,재무부,2025-07-07,124.48.219.66
james805,조은정,43260089,Lead,팀장,재무부,2025-07-13,124.48.219.66
james805,조은정,43260089,Lead,팀장,재무부,2025-07-16,124.48.219.66
james805,조은정,43260089,Lead,팀장,재무부,2025-07-17,124.48.219.66
james805,조은정,43260089,Lead,팀장,재무부,2025-07-19,124.48.219.66
james805,조은정,43260089,Lead,팀장,재무부,2025-07-22,124.48.219.66
james805,조은정,43260089,Lead,팀장,재무부,2025-07-28,124.48.219.66
james805,조은정,43260089,Lead,팀장,재무부,2025-07-29,124.48.219.66
james805,조은정,43260089,Lead,팀장,재무부,2025-08-05,124.48.219.66
james805,조은정,43260089,Lead,팀장,재무부,2025-08-06,124.48.219.66
james805,조은정,43260089,Lead,팀장,재무부,2025-08-08,124.48.219.66
james805,조은정,43260089,Lead,팀장,재무부,2025-08-12,124.48.219.66
james805,조은정,43260089,Lead,팀장,재무부,2025-08-13,124.48.219.66
james805,조은정,43260089,Lead,팀장,재무부,2025-08-19,124.48.219.66
james805,조은정,43260089,Lead,팀장,재무부,2025-08-23,124.48.219.66
james805,조은정,43260089,Lead,팀장,재무부,2025-08-24,124.48.219.66
james805,조은정,43260089,Lead,팀장,재무부,2025-08-28,124.48.219.66
james805,조은정,43260089,Lead,팀장,재무부,2025-09-04,124.48.219.66
james805,조은정,43260089,Lead,팀장,재무부,2025-09-06,124.48.219.66
james805,조은정,43260089,Lead,팀장,재무부,2025-09-09,124.48.219.66
james805,조은정,43260089,Lead,팀장,재무부,2025-09-12,124.48.219.66
james805,조은정,43260089,Lead,팀장,재무부,2025-09-20,124.48.219.66
james805,조은정,43260089,Lead,팀장,재무부,2025-09-21,124.48.219.66
chris838,임성민,18081750,Specialist,설계자,영업부,2025-07-05,249.72.64.56
chris838,임성민,18081750,Specialist,설계자,영업부,2025-07-27,249.72.64.56
chris838,임성민,18081750,Specialist,설계자,영업부,2025-08-09,249.72.64.56
chris838,임성민,18081750,Specialist,설계자,영업부,2025-09-21,249.72.64.56
tom216,황소영,41116416,Coordinator,이사,품질관리팀,2025-06-30,77.152.109.51
tom216,황소영,41116416,Coordinator,이사,품질관리팀,2025-07-06,77.152.109.51
tom216,황소영,41116416,Coordinator,이사,품질관리팀,2025-07-09,77.152.109.51
tom216,황소영,41116416,Coordinator,이사,품질관리팀,2025-07-14,77.152.109.51
tom216,황소영,41116416,Coordinator,이사,품질관리팀,2025-07-21,77.152.109.51
tom216,황소영,41116416,Coordinator,이사,품질관리팀,2025-07-23,77.152.109.51
tom216,황소영,41116416,Coordinator,이사,품질관리팀,2025-07-25,77.152.109.51
tom216,황소영,41116416,Coordinator,이사,품질관리팀,2025-08-04,77.152.109.51
tom216,황소영,41116416,Coordinator,이사,품질관리팀,2025-08-07,77.152.109.51
tom216,황소영,41116416,Coordinator,이사,품질관리팀,2025-08-15,77.152.109.51
tom216,황소영,41116416,Coordinator,이사,품질관리팀,2025-08-19,77.152.109.51
tom216,황소영,41116416,Coordinator,이사,품질관리팀,2025-08-20,77.152.109.51
tom216,황소영,41116416,Coordinator,이사,품질관리팀,2025-09-04,77.152.109.51
tom216,황소영,41116416,Coordinator,이사,품질관리팀,2025-09-05,77.152.109.51
tom216,황소영,41116416,Coordinator,이사,품질관리팀,2025-09-06,77.152.109.51
tom216,황소영,41116416,Coordinator,이사,품질관리팀,2025-09-08,77.152.109.51
tom216,황소영,41116416,Coordinator,이사,품질관리팀,2025-09-09,77.152.109.51
tom216,황소영,41116416,Coordinator,이사,품질관리팀,2025-09-11,77.152.109.51
tom216,황소영,41116416,Coordinator,이사,품질관리팀,2025-09-18,77.152.109.51
tom216,황소영,41116416,Coordinator,이사,품질관리팀,2025-09-20,77.152.109.51
paul637,강소영,78202255,Assistant,분석가,연구개발부,2025-07-23,238.57.232.146
paul637,강소영,78202255,Assistant,분석가,연구개발부,2025-07-29,238.57.232.146
paul637,강소영,78202255,Assistant,분석가,연구개발부,2025-07-31,238.57.232.146
paul637,강소영,78202255,Assistant,분석가,연구개발부,2025-08-04,238.57.232.146
paul637,강소영,78202255,Assistant,분석가,연구개발부,2025-08-28,238.57.232.146
paul637,강소영,78202255,Assistant,분석가,연구개발부,2025-09-09,238.57.232.146
paul637,강소영,78202255,Assistant,분석가,연구개발부,2025-09-11,238.57.232.146
james820,류광수,88169964,Senior Engineer,전문가,재무부,2025-07-07,42.44.167.244
james820,류광수,88169964,Senior Engineer,전문가,재무부,2025-07-14,42.44.167.244
james820,류광수,88169964,Senior Engineer,전문가,재무부,2025-07-23,42.44.167.244
james820,류광수,88169964,Senior Engineer,전문가,재무부,2025-07-29,42.44.167.244
james820,류광수,88169964,Senior Engineer,전문가,재무부,2025-08-17,42.44.167.244
james820,류광수,88169964,Senior Engineer,전문가,재무부,2025-08-30,42.44.167.244
james820,류광수,88169964,Senior Engineer,전문가,재무부,2025-08-31,42.44.167.244
james820,류광수,88169964,Senior Engineer,전문가,재무부,2025-09-04,42.44.167.244
james820,류광수,88169964,Senior Engineer,전문가,재무부,2025-09-08,42.44.167.244
james820,류광수,88169964,Senior Engineer,전문가,재무부,2025-09-10,42.44.167.244
lucy579,한민수,83008509,Analyst,개발자,영업부,2025-06-30,130.80.153.71
lucy579,한민수,83008509,Analyst,개발자,영업부,2025-07-06,130.80.153.71
lucy579,한민수,83008509,Analyst,개발자,영업부,2025-07-09,130.80.153.71
lucy579,한민수,83008509,Analyst,개발자,영업부,2025-07-17,130.80.153.71
lucy579,한민수,83008509,Analyst,개발자,영업부,2025-07-18,130.80.153.71
lucy579,한민수,83008509,Analyst,개발자,영업부,2025-07-23,130.80.153.71
lucy579,한민수,83008509,Analyst,개발자,영업부,2025-07-27,130.80.153.71
lucy579,한민수,83008509,Analyst,개발자,영업부,2025-07-29,130.80.153.71
lucy579,한민수,83008509,Analyst,개발자,영업부,2025-08-05,130.80.153.71
lucy579,한민수,83008509,Analyst,개발자,영업부,2025-08-07,130.80.153.71
lucy579,한민수,83008509,Analyst,개발자,영업부,2025-08-11,130.80.153.71
lucy579,한민수,83008509,Analyst,개발자,영업부,2025-08-14,130.80.153.71
lucy579,한민수,83008509,Analyst,개발자,영업부,2025-08-22,130.80.153.71
lucy579,한민수,83008509,Analyst,개발자,영업부,2025-08-23,130.80.153.71
lucy579,한민수,83008509,Analyst,개발자,영업부,2025-09-03,130.80.153.71
lucy579,한민수,83008509,Analyst,개발자,영업부,2025-09-04,130.80.153.71
lucy579,한민수,83008509,Analyst,개발자,영업부,2025-09-15,130.80.153.71
lucy579,한민수,83008509,Analyst,개발자,영업부,2025-09-17,130.80.153.71
chris676,오영희,33340275,Engineer,부장,기획부,2025-06-28,213.46.222.206
chris676,오영희,33340275,Engineer,부장,기획부,2025-07-06,213.46.222.206
chris676,오영희,33340275,Engineer,부장,기획부,2025-07-09,213.46.222.206
chris676,오영희,33340275,Engineer,부장,기획부,2025-07-13,213.46.222.206
chris676,오영희,33340275,Engineer,부장,기획부,2025-07-18,213.46.222.206
chris676,오영희,33340275,Engineer,부장,기획부,2025-07-27,213.46.222.206
chris676,오영희,33340275,Engineer,부장,기획부,2025-07-30,213.46.222.206
chris676,오영희,33340275,Engineer,부장,기획부,2025-08-03,213.46.222.206
chris676,오영희,33340275,Engineer,부장,기획부,2025-08-07,213.46.222.206
chris676,오영희,33340275,Engineer,부장,기획부,2025-08-09,213.46.222.206
chris676,오영희,33340275,Engineer,부장,기획부,2025-08-13,213.46.222.206
chris676,오영희,33340275,Engineer,부장,기획부,2025-08-16,213.46.222.206
chris676,오영희,33340275,Engineer,부장,기획부,2025-08-17,213.46.222.206
chris676,오영희,33340275,Engineer,부장,기획부,2025-08-24,213.46.222.206
chris676,오영희,33340275,Engineer,부장,기획부,2025-08-30,213.46.222.206
chris676,오영희,33340275,Engineer,부장,기획부,2025-09-02,213.46.222.206
chris676,오영희,33340275,Engineer,부장,기획부,2025-09-03,213.46.222.206
chris676,오영희,33340275,Engineer,부장,기획부,2025-09-04,213.46.222.206
chris676,오영희,33340275,Engineer,부장,기획부,2025-09-13,213.46.222.206
chris676,오영희,33340275,Engineer,부장,기획부,2025-09-14,213.46.222.206
chris676,오영희,33340275,Engineer,부장,기획부,2025-09-21,213.46.222.206
chris899,장동현,52333866,Senior Manager,코디네이터,구매팀,2025-07-11,212.168.227.234
chris899,장동현,52333866,Senior Manager,코디네이터,구매팀,2025-07-12,212.168.227.234
chris899,장동현,52333866,Senior Manager,코디네이터,구매팀,2025-08-02,212.168.227.234
chris899,장동현,52333866,Senior Manager,코디네이터,구매팀,2025-08-03,212.168.227.234
chris899,장동현,52333866,Senior Manager,코디네이터,구매팀,2025-08-06,212.168.227.234
chris899,장동현,52333866,Senior Manager,코디네이터,구매팀,2025-08-17,212.168.227.234
chris899,장동현,52333866,Senior Manager,코디네이터,구매팀,2025-09-03,212.168.227.234
chris899,장동현,52333866,Senior Manager,코디네이터,구매팀,2025-09-16,212.168.227.234
chris899,장동현,52333866,Senior Manager,코디네이터,구매팀,2025-09-18,212.168.227.234
chris899,장동현,52333866,Senior Manager,코디네이터,구매팀,2025-09-20,212.168.227.234
chris899,장동현,52333866,Senior Manager,코디네이터,구매팀,2025-09-22,212.168.227.234
mark374,조민수,67524987,Specialist,팀장,기획부,2025-07-01,2.178.156.159
mark374,조민수,67524987,Specialist,팀장,기획부,2025-07-04,2.178.156.159
mark374,조민수,67524987,Specialist,팀장,기획부,2025-07-14,2.178.156.159
mark374,조민수,67524987,Specialist,팀장,기획부,2025-08-09,2.178.156.159
mark374,조민수,67524987,Specialist,팀장,기획부,2025-08-18,2.178.156.159
mark374,조민수,67524987,Specialist,팀장,기획부,2025-08-21,2.178.156.159
mark374,조민수,67524987,Specialist,팀장,기획부,2025-09-03,2.178.156.159
mark374,조민수,67524987,Specialist,팀장,기획부,2025-09-13,2.178.156.159
grace643,강현우,92572545,Lead,선임분석가,품질관리팀,2025-06-27,38.29.119.22
grace643,강현우,92572545,Lead,선임분석가,품질관리팀,2025-07-04,38.29.119.22
grace643,강현우,92572545,Lead,선임분석가,품질관리팀,2025-07-19,38.29.119.22
grace643,강현우,92572545,Lead,선임분석가,품질관리팀,2025-07-22,38.29.119.22
grace643,강현우,92572545,Lead,선임분석가,품질관리팀,2025-07-24,38.29.119.22
grace643,강현우,92572545,Lead,선임분석가,품질관리팀,2025-07-25,38.29.119.22
grace643,강현우,92572545,Lead,선임분석가,품질관리팀,2025-07-29,38.29.119.22
grace643,강현우,92572545,Lead,선임분석가,품질관리팀,2025-07-30,38.29.119.22
grace643,강현우,92572545,Lead,선임분석가,품질관리팀,2025-08-04,38.29.119.22
grace643,강현우,92572545,Lead,선임분석가,품질관리팀,2025-08-08,38.29.119.22
grace643,강현우,92572545,Lead,선임분석가,품질관리팀,2025-08-18,38.29.119.22
grace643,강현우,92572545,Lead,선임분석가,품질관리팀,2025-08-21,38.29.119.22
grace643,강현우,92572545,Lead,선임분석가,품질관리팀,2025-08-25,38.29.119.22
grace643,강현우,92572545,Lead,선임분석가,품질관리팀,2025-08-27,38.29.119.22
grace643,강현우,92572545,Lead,선임분석가,품질관리팀,2025-09-02,38.29.119.22
grace643,강현우,92572545,Lead,선임분석가,품질관리팀,2025-09-03,38.29.119.22
grace643,강현우,92572545,Lead,선임분석가,품질관리팀,2025-09-05,38.29.119.22
grace643,강현우,92572545,Lead,선임분석가,품질관리팀,2025-09-09,38.29.119.22
grace643,강현우,92572545,Lead,선임분석가,품질관리팀,2025-09-10,38.29.119.22
grace643,강현우,92572545,Lead,선임분석가,품질관리팀,2025-09-12,38.29.119.22
grace643,강현우,92572545,Lead,선임분석가,품질관리팀,2025-09-16,38.29.119.22
grace643,강현우,92572545,Lead,선임분석가,품질관리팀,2025-09-19,38.29.119.22
grace643,강현우,92572545,Lead,선임분석가,품질관리팀,2025-09-21,38.29.119.22
grace643,강현우,92572545,Lead,선임분석가,품질관리팀,2025-09-23,38.29.119.22
lucy691,한광수,86527416,Engineer,전문가,데이터분석팀,2025-06-28,184.119.97.10
lucy691,한광수,86527416,Engineer,전문가,데이터분석팀,2025-07-04,184.119.97.10
lucy691,한광수,86527416,Engineer,전문가,데이터분석팀,2025-07-08,184.119.97.10
lucy691,한광수,86527416,Engineer,전문가,데이터분석팀,2025-08-06,184.119.97.10
lucy691,한광수,86527416,Engineer,전문가,데이터분석팀,2025-08-14,184.119.97.10
lucy691,한광수,86527416,Engineer,전문가,데이터분석팀,2025-08-15,184.119.97.10
lucy691,한광수,86527416,Engineer,전문가,데이터분석팀,2025-08-26,184.119.97.10
lucy691,한광수,86527416,Engineer,전문가,데이터분석팀,2025-08-28,184.119.97.10
lucy691,한광수,86527416,Engineer,전문가,데이터분석팀,2025-09-03,184.119.97.10
lucy691,한광수,86527416,Engineer,전문가,데이터분석팀,2025-09-05,184.119.97.10
lucy691,한광수,86527416,Engineer,전문가,데이터분석팀,2025-09-06,184.119.97.10
lucy691,한광수,86527416,Engineer,전문가,데이터분석팀,2025-09-14,184.119.97.10
grace052,최현우,28764662,Senior Engineer,부장,운영팀,2025-06-28,24.157.231.92
grace052,최현우,28764662,Senior Engineer,부장,운영팀,2025-07-12,24.157.231.92
grace052,최현우,28764662,Senior Engineer,부장,운영팀,2025-07-16,24.157.231.92
grace052,최현우,28764662,Senior Engineer,부장,운영팀,2025-07-19,24.157.231.92
grace052,최현우,28764662,Senior Engineer,부장,운영팀,2025-07-21,24.157.231.92
grace052,최현우,28764662,Senior Engineer,부장,운영팀,2025-07-22,24.157.231.92
grace052,최현우,28764662,Senior Engineer,부장,운영팀,2025-07-26,24.157.231.92
grace052,최현우,28764662,Senior Engineer,부장,운영팀,2025-08-07,24.157.231.92
grace052,최현우,28764662,Senior Engineer,부장,운영팀,2025-08-12,24.157.231.92
grace052,최현우,28764662,Senior Engineer,부장,운영팀,2025-08-20,24.157.231.92
grace052,최현우,28764662,Senior Engineer,부장,운영팀,2025-08-27,24.157.231.92
grace052,최현우,28764662,Senior Engineer,부장,운영팀,2025-09-02,24.157.231.92
grace052,최현우,28764662,Senior Engineer,부장,운영팀,2025-09-03,24.157.231.92
grace052,최현우,28764662,Senior Engineer,부장,운영팀,2025-09-06,24.157.231.92
grace052,최현우,28764662,Senior Engineer,부장,운영팀,2025-09-09,24.157.231.92
grace052,최현우,28764662,Senior Engineer,부장,운영팀,2025-09-12,24.157.231.92
grace052,최현우,28764662,Senior Engineer,부장,운영팀,2025-09-18,24.157.231.92
grace052,최현우,28764662,Senior Engineer,부장,운영팀,2025-09-20,24.157.231.92
grace052,최현우,28764662,Senior Engineer,부장,운영팀,2025-09-21,24.157.231.92
grace052,최현우,28764662,Senior Engineer,부장,운영팀,2025-09-22,24.157.231.92
grace052,최현우,28764662,Senior Engineer,부장,운영팀,2025-09-24,24.157.231.92
paul677,김영희,93312013,Manager,선임분석가,제조부,2025-06-27,179.40.212.176
paul677,김영희,93312013,Manager,선임분석가,제조부,2025-06-28,179.40.212.176
paul677,김영희,93312013,Manager,선임분석가,제조부,2025-06-29,179.40.212.176
paul677,김영희,93312013,Manager,선임분석가,제조부,2025-07-13,179.40.212.176
paul677,김영희,93312013,Manager,선임분석가,제조부,2025-07-15,179.40.212.176
paul677,김영희,93312013,Manager,선임분석가,제조부,2025-07-17,179.40.212.176
paul677,김영희,93312013,Manager,선임분석가,제조부,2025-07-19,179.40.212.176
paul677,김영희,93312013,Manager,선임분석가,제조부,2025-07-21,179.40.212.176
paul677,김영희,93312013,Manager,선임분석가,제조부,2025-07-22,179.40.212.176
paul677,김영희,93312013,Manager,선임분석가,제조부,2025-07-25,179.40.212.176
paul677,김영희,93312013,Manager,선임분석가,제조부,2025-07-26,179.40.212.176
paul677,김영희,93312013,Manager,선임분석가,제조부,2025-08-01,179.40.212.176
paul677,김영희,93312013,Manager,선임분석가,제조부,2025-08-02,179.40.212.176
paul677,김영희,93312013,Manager,선임분석가,제조부,2025-08-12,179.40.212.176
paul677,김영희,93312013,Manager,선임분석가,제조부,2025-08-13,179.40.212.176
paul677,김영희,93312013,Manager,선임분석가,제조부,2025-08-17,179.40.212.176
paul677,김영희,93312013,Manager,선임분석가,제조부,2025-08-18,179.40.212.176
paul677,김영희,93312013,Manager,선임분석가,제조부,2025-08-31,179.40.212.176
paul677,김영희,93312013,Manager,선임분석가,제조부,2025-09-03,179.40.212.176
paul677,김영희,93312013,Manager,선임분석가,제조부,2025-09-07,179.40.212.176
paul677,김영희,93312013,Manager,선임분석가,제조부,2025-09-14,179.40.212.176
paul677,김영희,93312013,Manager,선임분석가,제조부,2025-09-20,179.40.212.176
paul677,김영희,93312013,Manager,선임분석가,제조부,2025-09-21,179.40.212.176
chris320,권동현,90752353,Senior Analyst,이사,연구개발부,2025-07-22,30.253.207.201
chris320,권동현,90752353,Senior Analyst,이사,연구개발부,2025-08-02,30.253.207.201
chris320,권동현,90752353,Senior Analyst,이사,연구개발부,2025-08-07,30.253.207.201
chris320,권동현,90752353,Senior Analyst,이사,연구개발부,2025-08-11,30.253.207.201
chris320,권동현,90752353,Senior Analyst,이사,연구개발부,2025-08-15,30.253.207.201
chris320,권동현,90752353,Senior Analyst,이사,연구개발부,2025-08-27,30.253.207.201
chris320,권동현,90752353,Senior Analyst,이사,연구개발부,2025-09-08,30.253.207.201
chris320,권동현,90752353,Senior Analyst,이사,연구개발부,2025-09-13,30.253.207.201
amy150,장현우,49094999,Tester,선임개발자,연구개발부,2025-07-11,124.198.231.62
amy150,장현우,49094999,Tester,선임개발자,연구개발부,2025-07-12,124.198.231.62
amy150,장현우,49094999,Tester,선임개발자,연구개발부,2025-07-13,124.198.231.62
amy150,장현우,49094999,Tester,선임개발자,연구개발부,2025-07-19,124.198.231.62
amy150,장현우,49094999,Tester,선임개발자,연구개발부,2025-07-31,124.198.231.62
amy150,장현우,49094999,Tester,선임개발자,연구개발부,2025-08-01,124.198.231.62
amy150,장현우,49094999,Tester,선임개발자,연구개발부,2025-08-08,124.198.231.62
amy150,장현우,49094999,Tester,선임개발자,연구개발부,2025-08-13,124.198.231.62
amy150,장현우,49094999,Tester,선임개발자,연구개발부,2025-08-16,124.198.231.62
amy150,장현우,49094999,Tester,선임개발자,연구개발부,2025-08-21,124.198.231.62
amy150,장현우,49094999,Tester,선임개발자,연구개발부,2025-08-25,124.198.231.62
amy150,장현우,49094999,Tester,선임개발자,연구개발부,2025-09-09,124.198.231.62
paul808,임영희,80829431,Senior Engineer,부장,데이터분석팀,2025-06-27,238.108.53.98
paul808,임영희,80829431,Senior Engineer,부장,데이터분석팀,2025-07-02,238.108.53.98
paul808,임영희,80829431,Senior Engineer,부장,데이터분석팀,2025-07-09,238.108.53.98
paul808,임영희,80829431,Senior Engineer,부장,데이터분석팀,2025-07-11,238.108.53.98
paul808,임영희,80829431,Senior Engineer,부장,데이터분석팀,2025-07-12,238.108.53.98
paul808,임영희,80829431,Senior Engineer,부장,데이터분석팀,2025-07-14,238.108.53.98
paul808,임영희,80829431,Senior Engineer,부장,데이터분석팀,2025-07-19,238.108.53.98
paul808,임영희,80829431,Senior Engineer,부장,데이터분석팀,2025-07-24,238.108.53.98
paul808,임영희,80829431,Senior Engineer,부장,데이터분석팀,2025-07-25,238.108.53.98
paul808,임영희,80829431,Senior Engineer,부장,데이터분석팀,2025-07-26,238.108.53.98
paul808,임영희,80829431,Senior Engineer,부장,데이터분석팀,2025-08-04,238.108.53.98
paul808,임영희,80829431,Senior Engineer,부장,데이터분석팀,2025-08-06,238.108.53.98
paul808,임영희,80829431,Senior Engineer,부장,데이터분석팀,2025-08-10,238.108.53.98
paul808,임영희,80829431,Senior Engineer,부장,데이터분석팀,2025-08-13,238.108.53.98
paul808,임영희,80829431,Senior Engineer,부장,데이터분석팀,2025-08-15,238.108.53.98
paul808,임영희,80829431,Senior Engineer,부장,데이터분석팀,2025-08-17,238.108.53.98
paul808,임영희,80829431,Senior Engineer,부장,데이터분석팀,2025-08-24,238.108.53.98
paul808,임영희,80829431,Senior Engineer,부장,데이터분석팀,2025-08-29,238.108.53.98
paul808,임영희,80829431,Senior Engineer,부장,데이터분석팀,2025-09-12,238.108.53.98
paul808,임영희,80829431,Senior Engineer,부장,데이터분석팀,2025-09-16,238.108.53.98
amy273,이영희,37510898,Senior Analyst,선임연구원,제조부,2025-07-02,161.130.94.219
amy273,이영희,37510898,Senior Analyst,선임연구원,제조부,2025-07-07,161.130.94.219
amy273,이영희,37510898,Senior Analyst,선임연구원,제조부,2025-07-10,161.130.94.219
amy273,이영희,37510898,Senior Analyst,선임연구원,제조부,2025-07-11,161.130.94.219
amy273,이영희,37510898,Senior Analyst,선임연구원,제조부,2025-07-12,161.130.94.219
amy273,이영희,37510898,Senior Analyst,선임연구원,제조부,2025-07-13,161.130.94.219
amy273,이영희,37510898,Senior Analyst,선임연구원,제조부,2025-07-24,161.130.94.219
amy273,이영희,37510898,Senior Analyst,선임연구원,제조부,2025-07-28,161.130.94.219
amy273,이영희,37510898,Senior Analyst,선임연구원,제조부,2025-07-29,161.130.94.219
amy273,이영희,37510898,Senior Analyst,선임연구원,제조부,2025-08-04,161.130.94.219
amy273,이영희,37510898,Senior Analyst,선임연구원,제조부,2025-08-05,161.130.94.219
amy273,이영희,37510898,Senior Analyst,선임연구원,제조부,2025-08-08,161.130.94.219
amy273,이영희,37510898,Senior Analyst,선임연구원,제조부,2025-08-09,161.130.94.219
amy273,이영희,37510898,Senior Analyst,선임연구원,제조부,2025-08-14,161.130.94.219
amy273,이영희,37510898,Senior Analyst,선임연구원,제조부,2025-08-16,161.130.94.219
amy273,이영희,37510898,Senior Analyst,선임연구원,제조부,2025-08-23,161.130.94.219
amy273,이영희,37510898,Senior Analyst,선임연구원,제조부,2025-08-25,161.130.94.219
amy273,이영희,37510898,Senior Analyst,선임연구원,제조부,2025-08-26,161.130.94.219
amy273,이영희,37510898,Senior Analyst,선임연구원,제조부,2025-08-29,161.130.94.219
amy273,이영희,37510898,Senior Analyst,선임연구원,제조부,2025-08-30,161.130.94.219
amy273,이영희,37510898,Senior Analyst,선임연구원,제조부,2025-08-31,161.130.94.219
amy273,이영희,37510898,Senior Analyst,선임연구원,제조부,2025-09-03,161.130.94.219
amy273,이영희,37510898,Senior Analyst,선임연구원,제조부,2025-09-06,161.130.94.219
amy273,이영희,37510898,Senior Analyst,선임연구원,제조부,2025-09-14,161.130.94.219
amy273,이영희,37510898,Senior Analyst,선임연구원,제조부,2025-09-16,161.130.94.219
amy273,이영희,37510898,Senior Analyst,선임연구원,제조부,2025-09-18,161.130.94.219
amy273,이영희,37510898,Senior Analyst,선임연구원,제조부,2025-09-24,161.130.94.219
paul865,윤동현,17177420,Senior Engineer,선임분석가,설계팀,2025-06-30,7.180.66.81
paul865,윤동현,17177420,Senior Engineer,선임분석가,설계팀,2025-07-07,7.180.66.81
paul865,윤동현,17177420,Senior Engineer,선임분석가,설계팀,2025-07-15,7.180.66.81
paul865,윤동현,17177420,Senior Engineer,선임분석가,설계팀,2025-07-26,7.180.66.81
paul865,윤동현,17177420,Senior Engineer,선임분석가,설계팀,2025-08-03,7.180.66.81
paul865,윤동현,17177420,Senior Engineer,선임분석가,설계팀,2025-08-11,7.180.66.81
paul865,윤동현,17177420,Senior Engineer,선임분석가,설계팀,2025-08-15,7.180.66.81
paul865,윤동현,17177420,Senior Engineer,선임분석가,설계팀,2025-08-20,7.180.66.81
paul865,윤동현,17177420,Senior Engineer,선임분석가,설계팀,2025-09-04,7.180.66.81
paul865,윤동현,17177420,Senior Engineer,선임분석가,설계팀,2025-09-05,7.180.66.81
paul865,윤동현,17177420,Senior Engineer,선임분석가,설계팀,2025-09-08,7.180.66.81
paul865,윤동현,17177420,Senior Engineer,선임분석가,설계팀,2025-09-10,7.180.66.81
paul865,윤동현,17177420,Senior Engineer,선임분석가,설계팀,2025-09-19,7.180.66.81
paul865,윤동현,17177420,Senior Engineer,선임분석가,설계팀,2025-09-24,7.180.66.81
james294,윤소영,96777240,Coordinator,전문가,보안팀,2025-08-05,59.51.3.211
chris738,송태현,60931370,Architect,연구원,IT부서,2025-06-28,49.30.123.1
chris738,송태현,60931370,Architect,연구원,IT부서,2025-07-09,49.30.123.1
chris738,송태현,60931370,Architect,연구원,IT부서,2025-07-24,49.30.123.1
chris738,송태현,60931370,Architect,연구원,IT부서,2025-08-03,49.30.123.1
chris738,송태현,60931370,Architect,연구원,IT부서,2025-08-11,49.30.123.1
chris738,송태현,60931370,Architect,연구원,IT부서,2025-08-20,49.30.123.1
chris738,송태현,60931370,Architect,연구원,IT부서,2025-08-22,49.30.123.1
chris738,송태현,60931370,Architect,연구원,IT부서,2025-08-30,49.30.123.1
chris738,송태현,60931370,Architect,연구원,IT부서,2025-09-11,49.30.123.1
chris738,송태현,60931370,Architect,연구원,IT부서,2025-09-14,49.30.123.1
chris738,송태현,60931370,Architect,연구원,IT부서,2025-09-22,49.30.123.1
amy202,권상훈,58225344,Manager,부장,기획부,2025-07-04,8.161.248.157
amy202,권상훈,58225344,Manager,부장,기획부,2025-07-11,8.161.248.157
amy202,권상훈,58225344,Manager,부장,기획부,2025-07-13,8.161.248.157
amy202,권상훈,58225344,Manager,부장,기획부,2025-08-02,8.161.248.157
amy202,권상훈,58225344,Manager,부장,기획부,2025-08-19,8.161.248.157
amy202,권상훈,58225344,Manager,부장,기획부,2025-08-23,8.161.248.157
amy202,권상훈,58225344,Manager,부장,기획부,2025-08-31,8.161.248.157
amy202,권상훈,58225344,Manager,부장,기획부,2025-09-02,8.161.248.157
amy202,권상훈,58225344,Manager,부장,기획부,2025-09-12,8.161.248.157
amy202,권상훈,58225344,Manager,부장,기획부,2025-09-19,8.161.248.157
amy202,권상훈,58225344,Manager,부장,기획부,2025-09-24,8.161.248.157
chris819,김철수,84185127,Engineer,설계자,인사부,2025-06-27,245.52.195.27
chris819,김철수,84185127,Engineer,설계자,인사부,2025-07-04,245.52.195.27
chris819,김철수,84185127,Engineer,설계자,인사부,2025-07-05,245.52.195.27
chris819,김철수,84185127,Engineer,설계자,인사부,2025-07-09,245.52.195.27
chris819,김철수,84185127,Engineer,설계자,인사부,2025-07-23,245.52.195.27
chris819,김철수,84185127,Engineer,설계자,인사부,2025-07-25,245.52.195.27
chris819,김철수,84185127,Engineer,설계자,인사부,2025-08-01,245.52.195.27
chris819,김철수,84185127,Engineer,설계자,인사부,2025-08-04,245.52.195.27
chris819,김철수,84185127,Engineer,설계자,인사부,2025-08-06,245.52.195.27
chris819,김철수,84185127,Engineer,설계자,인사부,2025-08-08,245.52.195.27
chris819,김철수,84185127,Engineer,설계자,인사부,2025-08-10,245.52.195.27
chris819,김철수,84185127,Engineer,설계자,인사부,2025-08-12,245.52.195.27
chris819,김철수,84185127,Engineer,설계자,인사부,2025-08-15,245.52.195.27
chris819,김철수,84185127,Engineer,설계자,인사부,2025-08-16,245.52.195.27
chris819,김철수,84185127,Engineer,설계자,인사부,2025-08-19,245.52.195.27
chris819,김철수,84185127,Engineer,설계자,인사부,2025-08-29,245.52.195.27
chris819,김철수,84185127,Engineer,설계자,인사부,2025-09-01,245.52.195.27
chris819,김철수,84185127,Engineer,설계자,인사부,2025-09-05,245.52.195.27
chris819,김철수,84185127,Engineer,설계자,인사부,2025-09-06,245.52.195.27
chris819,김철수,84185127,Engineer,설계자,인사부,2025-09-12,245.52.195.27
chris819,김철수,84185127,Engineer,설계자,인사부,2025-09-19,245.52.195.27
chris819,김철수,84185127,Engineer,설계자,인사부,2025-09-24,245.52.195.27
john316,황상훈,19005666,Specialist,어시스턴트,QA팀,2025-06-27,209.234.118.252
john316,황상훈,19005666,Specialist,어시스턴트,QA팀,2025-06-28,209.234.118.252
john316,황상훈,19005666,Specialist,어시스턴트,QA팀,2025-06-29,209.234.118.252
john316,황상훈,19005666,Specialist,어시스턴트,QA팀,2025-07-01,209.234.118.252
john316,황상훈,19005666,Specialist,어시스턴트,QA팀,2025-07-09,209.234.118.252
john316,황상훈,19005666,Specialist,어시스턴트,QA팀,2025-07-12,209.234.118.252
john316,황상훈,19005666,Specialist,어시스턴트,QA팀,2025-07-16,209.234.118.252
john316,황상훈,19005666,Specialist,어시스턴트,QA팀,2025-07-23,209.234.118.252
john316,황상훈,19005666,Specialist,어시스턴트,QA팀,2025-07-24,209.234.118.252
john316,황상훈,19005666,Specialist,어시스턴트,QA팀,2025-07-27,209.234.118.252
john316,황상훈,19005666,Specialist,어시스턴트,QA팀,2025-07-30,209.234.118.252
john316,황상훈,19005666,Specialist,어시스턴트,QA팀,2025-08-05,209.234.118.252
john316,황상훈,19005666,Specialist,어시스턴트,QA팀,2025-08-06,209.234.118.252
john316,황상훈,19005666,Specialist,어시스턴트,QA팀,2025-08-18,209.234.118.252
john316,황상훈,19005666,Specialist,어시스턴트,QA팀,2025-08-30,209.234.118.252
john316,황상훈,19005666,Specialist,어시스턴트,QA팀,2025-09-08,209.234.118.252
john316,황상훈,19005666,Specialist,어시스턴트,QA팀,2025-09-10,209.234.118.252
john316,황상훈,19005666,Specialist,어시스턴트,QA팀,2025-09-14,209.234.118.252
john316,황상훈,19005666,Specialist,어시스턴트,QA팀,2025-09-17,209.234.118.252
john316,황상훈,19005666,Specialist,어시스턴트,QA팀,2025-09-18,209.234.118.252
john316,황상훈,19005666,Specialist,어시스턴트,QA팀,2025-09-23,209.234.118.252
emma856,전유진,95484344,Senior Analyst,테스터,운영팀,2025-06-29,197.163.24.208
emma856,전유진,95484344,Senior Analyst,테스터,운영팀,2025-07-03,197.163.24.208
emma856,전유진,95484344,Senior Analyst,테스터,운영팀,2025-07-06,197.163.24.208
emma856,전유진,95484344,Senior Analyst,테스터,운영팀,2025-07-15,197.163.24.208
emma856,전유진,95484344,Senior Analyst,테스터,운영팀,2025-07-21,197.163.24.208
emma856,전유진,95484344,Senior Analyst,테스터,운영팀,2025-07-29,197.163.24.208
emma856,전유진,95484344,Senior Analyst,테스터,운영팀,2025-08-06,197.163.24.208
emma856,전유진,95484344,Senior Analyst,테스터,운영팀,2025-08-15,197.163.24.208
emma856,전유진,95484344,Senior Analyst,테스터,운영팀,2025-08-24,197.163.24.208
emma856,전유진,95484344,Senior Analyst,테스터,운영팀,2025-09-11,197.163.24.208
emma856,전유진,95484344,Senior Analyst,테스터,운영팀,2025-09-13,197.163.24.208
emma856,전유진,95484344,Senior Analyst,테스터,운영팀,2025-09-14,197.163.24.208
lucy905,장광수,97340489,Lead,선임연구원,영업부,2025-06-29,216.213.62.20
lucy905,장광수,97340489,Lead,선임연구원,영업부,2025-06-30,216.213.62.20
lucy905,장광수,97340489,Lead,선임연구원,영업부,2025-07-04,216.213.62.20
lucy905,장광수,97340489,Lead,선임연구원,영업부,2025-07-08,216.213.62.20
lucy905,장광수,97340489,Lead,선임연구원,영업부,2025-07-09,216.213.62.20
lucy905,장광수,97340489,Lead,선임연구원,영업부,2025-07-12,216.213.62.20
lucy905,장광수,97340489,Lead,선임연구원,영업부,2025-07-30,216.213.62.20
lucy905,장광수,97340489,Lead,선임연구원,영업부,2025-08-07,216.213.62.20
lucy905,장광수,97340489,Lead,선임연구원,영업부,2025-08-16,216.213.62.20
lucy905,장광수,97340489,Lead,선임연구원,영업부,2025-08-20,216.213.62.20
lucy905,장광수,97340489,Lead,선임연구원,영업부,2025-08-24,216.213.62.20
lucy905,장광수,97340489,Lead,선임연구원,영업부,2025-08-28,216.213.62.20
lucy905,장광수,97340489,Lead,선임연구원,영업부,2025-09-01,216.213.62.20
lucy905,장광수,97340489,Lead,선임연구원,영업부,2025-09-02,216.213.62.20
lucy905,장광수,97340489,Lead,선임연구원,영업부,2025-09-07,216.213.62.20
lucy905,장광수,97340489,Lead,선임연구원,영업부,2025-09-08,216.213.62.20
lucy905,장광수,97340489,Lead,선임연구원,영업부,2025-09-10,216.213.62.20
lucy905,장광수,97340489,Lead,선임연구원,영업부,2025-09-11,216.213.62.20
lucy905,장광수,97340489,Lead,선임연구원,영업부,2025-09-13,216.213.62.20
lucy905,장광수,97340489,Lead,선임연구원,영업부,2025-09-21,216.213.62.20
paul427,신민수,89783370,Senior Analyst,어시스턴트,품질관리팀,2025-07-01,76.12.95.254
paul427,신민수,89783370,Senior Analyst,어시스턴트,품질관리팀,2025-07-07,76.12.95.254
paul427,신민수,89783370,Senior Analyst,어시스턴트,품질관리팀,2025-07-08,76.12.95.254
paul427,신민수,89783370,Senior Analyst,어시스턴트,품질관리팀,2025-07-09,76.12.95.254
paul427,신민수,89783370,Senior Analyst,어시스턴트,품질관리팀,2025-07-10,76.12.95.254
paul427,신민수,89783370,Senior Analyst,어시스턴트,품질관리팀,2025-07-11,76.12.95.254
paul427,신민수,89783370,Senior Analyst,어시스턴트,품질관리팀,2025-07-12,76.12.95.254
paul427,신민수,89783370,Senior Analyst,어시스턴트,품질관리팀,2025-07-19,76.12.95.254
paul427,신민수,89783370,Senior Analyst,어시스턴트,품질관리팀,2025-07-21,76.12.95.254
paul427,신민수,89783370,Senior Analyst,어시스턴트,품질관리팀,2025-07-22,76.12.95.254
paul427,신민수,89783370,Senior Analyst,어시스턴트,품질관리팀,2025-07-24,76.12.95.254
paul427,신민수,89783370,Senior Analyst,어시스턴트,품질관리팀,2025-07-26,76.12.95.254
paul427,신민수,89783370,Senior Analyst,어시스턴트,품질관리팀,2025-08-02,76.12.95.254
paul427,신민수,89783370,Senior Analyst,어시스턴트,품질관리팀,2025-08-07,76.12.95.254
paul427,신민수,89783370,Senior Analyst,어시스턴트,품질관리팀,2025-08-16,76.12.95.254
paul427,신민수,89783370,Senior Analyst,어시스턴트,품질관리팀,2025-08-17,76.12.95.254
paul427,신민수,89783370,Senior Analyst,어시스턴트,품질관리팀,2025-08-22,76.12.95.254
paul427,신민수,89783370,Senior Analyst,어시스턴트,품질관리팀,2025-08-27,76.12.95.254
paul427,신민수,89783370,Senior Analyst,어시스턴트,품질관리팀,2025-09-10,76.12.95.254
paul427,신민수,89783370,Senior Analyst,어시스턴트,품질관리팀,2025-09-11,76.12.95.254
paul427,신민수,89783370,Senior Analyst,어시스턴트,품질관리팀,2025-09-12,76.12.95.254
paul427,신민수,89783370,Senior Analyst,어시스턴트,품질관리팀,2025-09-13,76.12.95.254
paul427,신민수,89783370,Senior Analyst,어시스턴트,품질관리팀,2025-09-15,76.12.95.254
paul427,신민수,89783370,Senior Analyst,어시스턴트,품질관리팀,2025-09-18,76.12.95.254
paul427,신민수,89783370,Senior Analyst,어시스턴트,품질관리팀,2025-09-19,76.12.95.254
paul427,신민수,89783370,Senior Analyst,어시스턴트,품질관리팀,2025-09-20,76.12.95.254
sarah374,강유진,34989044,Coordinator,어시스턴트,제조부,2025-06-28,29.81.105.230
sarah374,강유진,34989044,Coordinator,어시스턴트,제조부,2025-06-29,29.81.105.230
sarah374,강유진,34989044,Coordinator,어시스턴트,제조부,2025-07-04,29.81.105.230
sarah374,강유진,34989044,Coordinator,어시스턴트,제조부,2025-07-13,29.81.105.230
sarah374,강유진,34989044,Coordinator,어시스턴트,제조부,2025-07-24,29.81.105.230
sarah374,강유진,34989044,Coordinator,어시스턴트,제조부,2025-07-25,29.81.105.230
sarah374,강유진,34989044,Coordinator,어시스턴트,제조부,2025-08-04,29.81.105.230
sarah374,강유진,34989044,Coordinator,어시스턴트,제조부,2025-08-12,29.81.105.230
sarah374,강유진,34989044,Coordinator,어시스턴트,제조부,2025-08-13,29.81.105.230
sarah374,강유진,34989044,Coordinator,어시스턴트,제조부,2025-08-14,29.81.105.230
sarah374,강유진,34989044,Coordinator,어시스턴트,제조부,2025-08-31,29.81.105.230
sarah374,강유진,34989044,Coordinator,어시스턴트,제조부,2025-09-05,29.81.105.230
sarah374,강유진,34989044,Coordinator,어시스턴트,제조부,2025-09-08,29.81.105.230
sarah374,강유진,34989044,Coordinator,어시스턴트,제조부,2025-09-20,29.81.105.230
sarah374,강유진,34989044,Coordinator,어시스턴트,제조부,2025-09-23,29.81.105.230
john647,신나영,73483751,Senior Analyst,선임분석가,IT부서,2025-06-27,157.107.137.221
john647,신나영,73483751,Senior Analyst,선임분석가,IT부서,2025-06-28,157.107.137.221
john647,신나영,73483751,Senior Analyst,선임분석가,IT부서,2025-06-30,157.107.137.221
john647,신나영,73483751,Senior Analyst,선임분석가,IT부서,2025-07-01,157.107.137.221
john647,신나영,73483751,Senior Analyst,선임분석가,IT부서,2025-07-10,157.107.137.221
john647,신나영,73483751,Senior Analyst,선임분석가,IT부서,2025-07-17,157.107.137.221
john647,신나영,73483751,Senior Analyst,선임분석가,IT부서,2025-07-22,157.107.137.221
john647,신나영,73483751,Senior Analyst,선임분석가,IT부서,2025-07-25,157.107.137.221
john647,신나영,73483751,Senior Analyst,선임분석가,IT부서,2025-08-03,157.107.137.221
john647,신나영,73483751,Senior Analyst,선임분석가,IT부서,2025-08-06,157.107.137.221
john647,신나영,73483751,Senior Analyst,선임분석가,IT부서,2025-08-11,157.107.137.221
john647,신나영,73483751,Senior Analyst,선임분석가,IT부서,2025-08-12,157.107.137.221
john647,신나영,73483751,Senior Analyst,선임분석가,IT부서,2025-08-18,157.107.137.221
john647,신나영,73483751,Senior Analyst,선임분석가,IT부서,2025-08-20,157.107.137.221
john647,신나영,73483751,Senior Analyst,선임분석가,IT부서,2025-08-21,157.107.137.221
john647,신나영,73483751,Senior Analyst,선임분석가,IT부서,2025-08-23,157.107.137.221
john647,신나영,73483751,Senior Analyst,선임분석가,IT부서,2025-08-30,157.107.137.221
john647,신나영,73483751,Senior Analyst,선임분석가,IT부서,2025-09-03,157.107.137.221
john647,신나영,73483751,Senior Analyst,선임분석가,IT부서,2025-09-06,157.107.137.221
john647,신나영,73483751,Senior Analyst,선임분석가,IT부서,2025-09-07,157.107.137.221
john647,신나영,73483751,Senior Analyst,선임분석가,IT부서,2025-09-09,157.107.137.221
john647,신나영,73483751,Senior Analyst,선임분석가,IT부서,2025-09-12,157.107.137.221
john647,신나영,73483751,Senior Analyst,선임분석가,IT부서,2025-09-19,157.107.137.221
john647,신나영,73483751,Senior Analyst,선임분석가,IT부서,2025-09-20,157.107.137.221
john647,신나영,73483751,Senior Analyst,선임분석가,IT부서,2025-09-24,157.107.137.221
sarah025,송미영,40252452,Assistant,리드,운영팀,2025-07-03,207.242.191.241
sarah025,송미영,40252452,Assistant,리드,운영팀,2025-07-18,207.242.191.241
sarah025,송미영,40252452,Assistant,리드,운영팀,2025-07-24,207.242.191.241
sarah025,송미영,40252452,Assistant,리드,운영팀,2025-07-25,207.242.191.241
sarah025,송미영,40252452,Assistant,리드,운영팀,2025-08-03,207.242.191.241
sarah025,송미영,40252452,Assistant,리드,운영팀,2025-08-15,207.242.191.241
sarah025,송미영,40252452,Assistant,리드,운영팀,2025-08-31,207.242.191.241
sarah025,송미영,40252452,Assistant,리드,운영팀,2025-09-05,207.242.191.241
sarah025,송미영,40252452,Assistant,리드,운영팀,2025-09-07,207.242.191.241
lisa471,전준호,84372062,Assistant,분석가,영업부,2025-06-30,231.97.68.138
lisa471,전준호,84372062,Assistant,분석가,영업부,2025-07-02,231.97.68.138
lisa471,전준호,84372062,Assistant,분석가,영업부,2025-07-11,231.97.68.138
lisa471,전준호,84372062,Assistant,분석가,영업부,2025-07-19,231.97.68.138
lisa471,전준호,84372062,Assistant,분석가,영업부,2025-07-24,231.97.68.138
lisa471,전준호,84372062,Assistant,분석가,영업부,2025-08-13,231.97.68.138
lisa471,전준호,84372062,Assistant,분석가,영업부,2025-08-16,231.97.68.138
lisa471,전준호,84372062,Assistant,분석가,영업부,2025-08-17,231.97.68.138
lisa471,전준호,84372062,Assistant,분석가,영업부,2025-08-23,231.97.68.138
lisa471,전준호,84372062,Assistant,분석가,영업부,2025-08-27,231.97.68.138
lisa471,전준호,84372062,Assistant,분석가,영업부,2025-08-30,231.97.68.138
lisa471,전준호,84372062,Assistant,분석가,영업부,2025-09-07,231.97.68.138
lisa471,전준호,84372062,Assistant,분석가,영업부,2025-09-08,231.97.68.138
lisa471,전준호,84372062,Assistant,분석가,영업부,2025-09-11,231.97.68.138
lisa471,전준호,84372062,Assistant,분석가,영업부,2025-09-15,231.97.68.138
lisa471,전준호,84372062,Assistant,분석가,영업부,2025-09-16,231.97.68.138
lisa471,전준호,84372062,Assistant,분석가,영업부,2025-09-19,231.97.68.138
lisa471,전준호,84372062,Assistant,분석가,영업부,2025-09-20,231.97.68.138
lisa602,한소영,67262656,Tester,연구원,연구개발부,2025-07-04,3.132.153.40
lisa602,한소영,67262656,Tester,연구원,연구개발부,2025-07-05,3.132.153.40
lisa602,한소영,67262656,Tester,연구원,연구개발부,2025-07-15,3.132.153.40
lisa602,한소영,67262656,Tester,연구원,연구개발부,2025-07-22,3.132.153.40
lisa602,한소영,67262656,Tester,연구원,연구개발부,2025-07-23,3.132.153.40
lisa602,한소영,67262656,Tester,연구원,연구개발부,2025-07-31,3.132.153.40
lisa602,한소영,67262656,Tester,연구원,연구개발부,2025-08-11,3.132.153.40
lisa602,한소영,67262656,Tester,연구원,연구개발부,2025-09-06,3.132.153.40
lisa602,한소영,67262656,Tester,연구원,연구개발부,2025-09-08,3.132.153.40
emma067,한준호,70078967,Developer,부장,연구개발부,2025-07-03,14.91.179.90
emma067,한준호,70078967,Developer,부장,연구개발부,2025-07-07,14.91.179.90
emma067,한준호,70078967,Developer,부장,연구개발부,2025-07-18,14.91.179.90
emma067,한준호,70078967,Developer,부장,연구개발부,2025-07-23,14.91.179.90
emma067,한준호,70078967,Developer,부장,연구개발부,2025-07-24,14.91.179.90
emma067,한준호,70078967,Developer,부장,연구개발부,2025-08-03,14.91.179.90
emma067,한준호,70078967,Developer,부장,연구개발부,2025-08-24,14.91.179.90
emma067,한준호,70078967,Developer,부장,연구개발부,2025-08-25,14.91.179.90
emma067,한준호,70078967,Developer,부장,연구개발부,2025-09-01,14.91.179.90
emma067,한준호,70078967,Developer,부장,연구개발부,2025-09-06,14.91.179.90
emma067,한준호,70078967,Developer,부장,연구개발부,2025-09-07,14.91.179.90
emma067,한준호,70078967,Developer,부장,연구개발부,2025-09-12,14.91.179.90
emma067,한준호,70078967,Developer,부장,연구개발부,2025-09-15,14.91.179.90
emma067,한준호,70078967,Developer,부장,연구개발부,2025-09-23,14.91.179.90
emma521,서선미,83271663,Senior Analyst,선임개발자,제조부,2025-07-01,42.49.21.19
lucy209,오미영,40726825,Senior Engineer,부장,IT부서,2025-06-29,87.115.50.200
lucy209,오미영,40726825,Senior Engineer,부장,IT부서,2025-06-30,87.115.50.200
lucy209,오미영,40726825,Senior Engineer,부장,IT부서,2025-07-03,87.115.50.200
lucy209,오미영,40726825,Senior Engineer,부장,IT부서,2025-07-04,87.115.50.200
lucy209,오미영,40726825,Senior Engineer,부장,IT부서,2025-07-14,87.115.50.200
lucy209,오미영,40726825,Senior Engineer,부장,IT부서,2025-07-21,87.115.50.200
lucy209,오미영,40726825,Senior Engineer,부장,IT부서,2025-07-22,87.115.50.200
lucy209,오미영,40726825,Senior Engineer,부장,IT부서,2025-07-27,87.115.50.200
lucy209,오미영,40726825,Senior Engineer,부장,IT부서,2025-07-28,87.115.50.200
lucy209,오미영,40726825,Senior Engineer,부장,IT부서,2025-07-30,87.115.50.200
lucy209,오미영,40726825,Senior Engineer,부장,IT부서,2025-08-02,87.115.50.200
lucy209,오미영,40726825,Senior Engineer,부장,IT부서,2025-08-10,87.115.50.200
lucy209,오미영,40726825,Senior Engineer,부장,IT부서,2025-08-12,87.115.50.200
lucy209,오미영,40726825,Senior Engineer,부장,IT부서,2025-08-27,87.115.50.200
lucy209,오미영,40726825,Senior Engineer,부장,IT부서,2025-08-29,87.115.50.200
lucy209,오미영,40726825,Senior Engineer,부장,IT부서,2025-09-04,87.115.50.200
lucy209,오미영,40726825,Senior Engineer,부장,IT부서,2025-09-05,87.115.50.200
lucy209,오미영,40726825,Senior Engineer,부장,IT부서,2025-09-18,87.115.50.200
lucy209,오미영,40726825,Senior Engineer,부장,IT부서,2025-09-20,87.115.50.200
lucy209,오미영,40726825,Senior Engineer,부장,IT부서,2025-09-22,87.115.50.200
mike222,안성민,43799017,Tester,선임분석가,물류팀,2025-07-06,135.161.125.108
mike222,안성민,43799017,Tester,선임분석가,물류팀,2025-07-30,135.161.125.108
mike222,안성민,43799017,Tester,선임분석가,물류팀,2025-08-12,135.161.125.108
mike222,안성민,43799017,Tester,선임분석가,물류팀,2025-09-22,135.161.125.108
nina366,송민수,38118787,Lead,리드,재무부,2025-07-13,161.185.127.48
nina366,송민수,38118787,Lead,리드,재무부,2025-07-25,161.185.127.48
nina366,송민수,38118787,Lead,리드,재무부,2025-08-01,161.185.127.48
nina366,송민수,38118787,Lead,리드,재무부,2025-08-07,161.185.127.48
nina366,송민수,38118787,Lead,리드,재무부,2025-08-10,161.185.127.48
nina366,송민수,38118787,Lead,리드,재무부,2025-08-13,161.185.127.48
nina366,송민수,38118787,Lead,리드,재무부,2025-08-29,161.185.127.48
nina366,송민수,38118787,Lead,리드,재무부,2025-09-11,161.185.127.48
nina366,송민수,38118787,Lead,리드,재무부,2025-09-17,161.185.127.48
james647,권지은,49155208,Tester,테스터,물류팀,2025-07-02,15.88.144.8
james647,권지은,49155208,Tester,테스터,물류팀,2025-07-10,15.88.144.8
james647,권지은,49155208,Tester,테스터,물류팀,2025-08-22,15.88.144.8
james647,권지은,49155208,Tester,테스터,물류팀,2025-09-11,15.88.144.8
steve701,윤유진,67721891,Senior Developer,선임개발자,구매팀,2025-08-30,176.177.165.177
steve701,윤유진,67721891,Senior Developer,선임개발자,구매팀,2025-09-08,176.177.165.177
john038,최소영,34551657,Engineer,선임분석가,운영팀,2025-06-28,247.33.143.83
john038,최소영,34551657,Engineer,선임분석가,운영팀,2025-07-03,247.33.143.83
john038,최소영,34551657,Engineer,선임분석가,운영팀,2025-07-14,247.33.143.83
john038,최소영,34551657,Engineer,선임분석가,운영팀,2025-07-20,247.33.143.83
john038,최소영,34551657,Engineer,선임분석가,운영팀,2025-07-24,247.33.143.83
john038,최소영,34551657,Engineer,선임분석가,운영팀,2025-08-01,247.33.143.83
john038,최소영,34551657,Engineer,선임분석가,운영팀,2025-08-02,247.33.143.83
john038,최소영,34551657,Engineer,선임분석가,운영팀,2025-08-04,247.33.143.83
john038,최소영,34551657,Engineer,선임분석가,운영팀,2025-08-24,247.33.143.83
john038,최소영,34551657,Engineer,선임분석가,운영팀,2025-08-27,247.33.143.83
john038,최소영,34551657,Engineer,선임분석가,운영팀,2025-09-02,247.33.143.83
john038,최소영,34551657,Engineer,선임분석가,운영팀,2025-09-03,247.33.143.83
john038,최소영,34551657,Engineer,선임분석가,운영팀,2025-09-04,247.33.143.83
john038,최소영,34551657,Engineer,선임분석가,운영팀,2025-09-05,247.33.143.83
john038,최소영,34551657,Engineer,선임분석가,운영팀,2025-09-06,247.33.143.83
john038,최소영,34551657,Engineer,선임분석가,운영팀,2025-09-09,247.33.143.83
john038,최소영,34551657,Engineer,선임분석가,운영팀,2025-09-10,247.33.143.83
john038,최소영,34551657,Engineer,선임분석가,운영팀,2025-09-13,247.33.143.83
john038,최소영,34551657,Engineer,선임분석가,운영팀,2025-09-15,247.33.143.83
john038,최소영,34551657,Engineer,선임분석가,운영팀,2025-09-17,247.33.143.83
john038,최소영,34551657,Engineer,선임분석가,운영팀,2025-09-23,247.33.143.83
lucy932,송성민,36754951,Developer,팀장,QA팀,2025-07-01,136.108.156.48
lucy932,송성민,36754951,Developer,팀장,QA팀,2025-07-04,136.108.156.48
lucy932,송성민,36754951,Developer,팀장,QA팀,2025-07-08,136.108.156.48
lucy932,송성민,36754951,Developer,팀장,QA팀,2025-07-09,136.108.156.48
lucy932,송성민,36754951,Developer,팀장,QA팀,2025-07-11,136.108.156.48
lucy932,송성민,36754951,Developer,팀장,QA팀,2025-07-12,136.108.156.48
lucy932,송성민,36754951,Developer,팀장,QA팀,2025-07-13,136.108.156.48
lucy932,송성민,36754951,Developer,팀장,QA팀,2025-07-15,136.108.156.48
lucy932,송성민,36754951,Developer,팀장,QA팀,2025-07-18,136.108.156.48
lucy932,송성민,36754951,Developer,팀장,QA팀,2025-07-24,136.108.156.48
lucy932,송성민,36754951,Developer,팀장,QA팀,2025-07-25,136.108.156.48
lucy932,송성민,36754951,Developer,팀장,QA팀,2025-08-02,136.108.156.48
lucy932,송성민,36754951,Developer,팀장,QA팀,2025-08-07,136.108.156.48
lucy932,송성민,36754951,Developer,팀장,QA팀,2025-08-13,136.108.156.48
lucy932,송성민,36754951,Developer,팀장,QA팀,2025-08-20,136.108.156.48
lucy932,송성민,36754951,Developer,팀장,QA팀,2025-08-21,136.108.156.48
lucy932,송성민,36754951,Developer,팀장,QA팀,2025-08-23,136.108.156.48
lucy932,송성민,36754951,Developer,팀장,QA팀,2025-08-25,136.108.156.48
lucy932,송성민,36754951,Developer,팀장,QA팀,2025-08-28,136.108.156.48
lucy932,송성민,36754951,Developer,팀장,QA팀,2025-08-30,136.108.156.48
lucy932,송성민,36754951,Developer,팀장,QA팀,2025-09-04,136.108.156.48
lucy932,송성민,36754951,Developer,팀장,QA팀,2025-09-08,136.108.156.48
lucy932,송성민,36754951,Developer,팀장,QA팀,2025-09-16,136.108.156.48
lucy932,송성민,36754951,Developer,팀장,QA팀,2025-09-17,136.108.156.48
lucy932,송성민,36754951,Developer,팀장,QA팀,2025-09-18,136.108.156.48
sarah131,서나영,68056105,Analyst,테스터,제조부,2025-07-23,79.247.51.103
sarah131,서나영,68056105,Analyst,테스터,제조부,2025-09-14,79.247.51.103
amy756,강소영,92211509,Coordinator,설계자,고객지원팀,2025-06-30,110.216.53.185
amy756,강소영,92211509,Coordinator,설계자,고객지원팀,2025-07-04,110.216.53.185
amy756,강소영,92211509,Coordinator,설계자,고객지원팀,2025-07-05,110.216.53.185
amy756,강소영,92211509,Coordinator,설계자,고객지원팀,2025-07-07,110.216.53.185
amy756,강소영,92211509,Coordinator,설계자,고객지원팀,2025-07-10,110.216.53.185
amy756,강소영,92211509,Coordinator,설계자,고객지원팀,2025-07-11,110.216.53.185
amy756,강소영,92211509,Coordinator,설계자,고객지원팀,2025-07-23,110.216.53.185
amy756,강소영,92211509,Coordinator,설계자,고객지원팀,2025-07-25,110.216.53.185
amy756,강소영,92211509,Coordinator,설계자,고객지원팀,2025-07-28,110.216.53.185
amy756,강소영,92211509,Coordinator,설계자,고객지원팀,2025-07-30,110.216.53.185
amy756,강소영,92211509,Coordinator,설계자,고객지원팀,2025-08-01,110.216.53.185
amy756,강소영,92211509,Coordinator,설계자,고객지원팀,2025-08-06,110.216.53.185
amy756,강소영,92211509,Coordinator,설계자,고객지원팀,2025-08-12,110.216.53.185
amy756,강소영,92211509,Coordinator,설계자,고객지원팀,2025-08-19,110.216.53.185
amy756,강소영,92211509,Coordinator,설계자,고객지원팀,2025-08-20,110.216.53.185
amy756,강소영,92211509,Coordinator,설계자,고객지원팀,2025-08-22,110.216.53.185
amy756,강소영,92211509,Coordinator,설계자,고객지원팀,2025-08-23,110.216.53.185
amy756,강소영,92211509,Coordinator,설계자,고객지원팀,2025-08-29,110.216.53.185
amy756,강소영,92211509,Coordinator,설계자,고객지원팀,2025-08-30,110.216.53.185
amy756,강소영,92211509,Coordinator,설계자,고객지원팀,2025-09-01,110.216.53.185
amy756,강소영,92211509,Coordinator,설계자,고객지원팀,2025-09-06,110.216.53.185
amy756,강소영,92211509,Coordinator,설계자,고객지원팀,2025-09-07,110.216.53.185
amy756,강소영,92211509,Coordinator,설계자,고객지원팀,2025-09-12,110.216.53.185
amy756,강소영,92211509,Coordinator,설계자,고객지원팀,2025-09-16,110.216.53.185
amy756,강소영,92211509,Coordinator,설계자,고객지원팀,2025-09-19,110.216.53.185
amy756,강소영,92211509,Coordinator,설계자,고객지원팀,2025-09-24,110.216.53.185
nina997,박상훈,67251113,Tester,선임분석가,재무부,2025-06-29,221.40.25.109
nina997,박상훈,67251113,Tester,선임분석가,재무부,2025-07-05,221.40.25.109
nina997,박상훈,67251113,Tester,선임분석가,재무부,2025-07-07,221.40.25.109
nina997,박상훈,67251113,Tester,선임분석가,재무부,2025-07-11,221.40.25.109
nina997,박상훈,67251113,Tester,선임분석가,재무부,2025-07-15,221.40.25.109
nina997,박상훈,67251113,Tester,선임분석가,재무부,2025-07-16,221.40.25.109
nina997,박상훈,67251113,Tester,선임분석가,재무부,2025-08-04,221.40.25.109
nina997,박상훈,67251113,Tester,선임분석가,재무부,2025-08-05,221.40.25.109
nina997,박상훈,67251113,Tester,선임분석가,재무부,2025-08-11,221.40.25.109
nina997,박상훈,67251113,Tester,선임분석가,재무부,2025-08-27,221.40.25.109
nina997,박상훈,67251113,Tester,선임분석가,재무부,2025-08-30,221.40.25.109
nina997,박상훈,67251113,Tester,선임분석가,재무부,2025-09-01,221.40.25.109
nina997,박상훈,67251113,Tester,선임분석가,재무부,2025-09-04,221.40.25.109
nina997,박상훈,67251113,Tester,선임분석가,재무부,2025-09-06,221.40.25.109
nina997,박상훈,67251113,Tester,선임분석가,재무부,2025-09-09,221.40.25.109
nina997,박상훈,67251113,Tester,선임분석가,재무부,2025-09-11,221.40.25.109
nina997,박상훈,67251113,Tester,선임분석가,재무부,2025-09-16,221.40.25.109
nina997,박상훈,67251113,Tester,선임분석가,재무부,2025-09-20,221.40.25.109
nina997,박상훈,67251113,Tester,선임분석가,재무부,2025-09-23,221.40.25.109
tom124,윤소영,13408711,Senior Developer,설계자,재무부,2025-06-30,45.194.55.155
tom124,윤소영,13408711,Senior Developer,설계자,재무부,2025-07-08,45.194.55.155
tom124,윤소영,13408711,Senior Developer,설계자,재무부,2025-07-15,45.194.55.155
tom124,윤소영,13408711,Senior Developer,설계자,재무부,2025-07-21,45.194.55.155
tom124,윤소영,13408711,Senior Developer,설계자,재무부,2025-08-12,45.194.55.155
kate102,류성민,11552688,Engineer,부장,설계팀,2025-06-27,13.41.178.244
kate102,류성민,11552688,Engineer,부장,설계팀,2025-07-03,13.41.178.244
kate102,류성민,11552688,Engineer,부장,설계팀,2025-07-06,13.41.178.244
kate102,류성민,11552688,Engineer,부장,설계팀,2025-07-08,13.41.178.244
kate102,류성민,11552688,Engineer,부장,설계팀,2025-07-09,13.41.178.244
kate102,류성민,11552688,Engineer,부장,설계팀,2025-07-12,13.41.178.244
kate102,류성민,11552688,Engineer,부장,설계팀,2025-07-16,13.41.178.244
kate102,류성민,11552688,Engineer,부장,설계팀,2025-07-18,13.41.178.244
kate102,류성민,11552688,Engineer,부장,설계팀,2025-07-23,13.41.178.244
kate102,류성민,11552688,Engineer,부장,설계팀,2025-08-08,13.41.178.244
kate102,류성민,11552688,Engineer,부장,설계팀,2025-08-09,13.41.178.244
kate102,류성민,11552688,Engineer,부장,설계팀,2025-08-11,13.41.178.244
kate102,류성민,11552688,Engineer,부장,설계팀,2025-08-13,13.41.178.244
kate102,류성민,11552688,Engineer,부장,설계팀,2025-08-16,13.41.178.244
kate102,류성민,11552688,Engineer,부장,설계팀,2025-08-17,13.41.178.244
kate102,류성민,11552688,Engineer,부장,설계팀,2025-08-20,13.41.178.244
kate102,류성민,11552688,Engineer,부장,설계팀,2025-08-22,13.41.178.244
kate102,류성민,11552688,Engineer,부장,설계팀,2025-08-28,13.41.178.244
kate102,류성민,11552688,Engineer,부장,설계팀,2025-09-01,13.41.178.244
kate102,류성민,11552688,Engineer,부장,설계팀,2025-09-07,13.41.178.244
kate102,류성민,11552688,Engineer,부장,설계팀,2025-09-09,13.41.178.244
kate102,류성민,11552688,Engineer,부장,설계팀,2025-09-16,13.41.178.244
kate102,류성민,11552688,Engineer,부장,설계팀,2025-09-17,13.41.178.244
kate102,류성민,11552688,Engineer,부장,설계팀,2025-09-20,13.41.178.244
alex089,김유진,84875265,Tester,테스터,QA팀,2025-06-29,163.212.78.6
alex089,김유진,84875265,Tester,테스터,QA팀,2025-06-30,163.212.78.6
alex089,김유진,84875265,Tester,테스터,QA팀,2025-07-03,163.212.78.6
alex089,김유진,84875265,Tester,테스터,QA팀,2025-07-04,163.212.78.6
alex089,김유진,84875265,Tester,테스터,QA팀,2025-07-10,163.212.78.6
alex089,김유진,84875265,Tester,테스터,QA팀,2025-07-11,163.212.78.6
alex089,김유진,84875265,Tester,테스터,QA팀,2025-07-13,163.212.78.6
alex089,김유진,84875265,Tester,테스터,QA팀,2025-07-15,163.212.78.6
alex089,김유진,84875265,Tester,테스터,QA팀,2025-07-21,163.212.78.6
alex089,김유진,84875265,Tester,테스터,QA팀,2025-07-26,163.212.78.6
alex089,김유진,84875265,Tester,테스터,QA팀,2025-07-30,163.212.78.6
alex089,김유진,84875265,Tester,테스터,QA팀,2025-08-02,163.212.78.6
alex089,김유진,84875265,Tester,테스터,QA팀,2025-08-10,163.212.78.6
alex089,김유진,84875265,Tester,테스터,QA팀,2025-08-21,163.212.78.6
alex089,김유진,84875265,Tester,테스터,QA팀,2025-08-28,163.212.78.6
alex089,김유진,84875265,Tester,테스터,QA팀,2025-08-29,163.212.78.6
alex089,김유진,84875265,Tester,테스터,QA팀,2025-09-08,163.212.78.6
alex089,김유진,84875265,Tester,테스터,QA팀,2025-09-09,163.212.78.6
alex089,김유진,84875265,Tester,테스터,QA팀,2025-09-13,163.212.78.6
alex089,김유진,84875265,Tester,테스터,QA팀,2025-09-17,163.212.78.6
paul407,오성민,99195079,Director,리드,고객지원팀,2025-06-27,226.63.136.162
paul407,오성민,99195079,Director,리드,고객지원팀,2025-08-05,226.63.136.162
paul407,오성민,99195079,Director,리드,고객지원팀,2025-08-07,226.63.136.162
paul407,오성민,99195079,Director,리드,고객지원팀,2025-08-17,226.63.136.162
paul407,오성민,99195079,Director,리드,고객지원팀,2025-09-10,226.63.136.162
paul407,오성민,99195079,Director,리드,고객지원팀,2025-09-21,226.63.136.162
amy127,임재원,60535592,Analyst,전문가,품질관리팀,2025-06-27,216.98.148.230
amy127,임재원,60535592,Analyst,전문가,품질관리팀,2025-06-29,216.98.148.230
amy127,임재원,60535592,Analyst,전문가,품질관리팀,2025-07-04,216.98.148.230
amy127,임재원,60535592,Analyst,전문가,품질관리팀,2025-07-10,216.98.148.230
amy127,임재원,60535592,Analyst,전문가,품질관리팀,2025-07-18,216.98.148.230
amy127,임재원,60535592,Analyst,전문가,품질관리팀,2025-08-15,216.98.148.230
amy127,임재원,60535592,Analyst,전문가,품질관리팀,2025-09-01,216.98.148.230
amy127,임재원,60535592,Analyst,전문가,품질관리팀,2025-09-14,216.98.148.230
sarah050,송미영,82521654,Assistant,선임연구원,설계팀,2025-07-01,61.191.51.51
sarah050,송미영,82521654,Assistant,선임연구원,설계팀,2025-07-15,61.191.51.51
sarah050,송미영,82521654,Assistant,선임연구원,설계팀,2025-07-19,61.191.51.51
sarah050,송미영,82521654,Assistant,선임연구원,설계팀,2025-07-26,61.191.51.51
sarah050,송미영,82521654,Assistant,선임연구원,설계팀,2025-07-30,61.191.51.51
sarah050,송미영,82521654,Assistant,선임연구원,설계팀,2025-08-03,61.191.51.51
sarah050,송미영,82521654,Assistant,선임연구원,설계팀,2025-08-06,61.191.51.51
sarah050,송미영,82521654,Assistant,선임연구원,설계팀,2025-08-07,61.191.51.51
sarah050,송미영,82521654,Assistant,선임연구원,설계팀,2025-08-10,61.191.51.51
sarah050,송미영,82521654,Assistant,선임연구원,설계팀,2025-08-13,61.191.51.51
sarah050,송미영,82521654,Assistant,선임연구원,설계팀,2025-08-23,61.191.51.51
sarah050,송미영,82521654,Assistant,선임연구원,설계팀,2025-09-06,61.191.51.51
sarah050,송미영,82521654,Assistant,선임연구원,설계팀,2025-09-07,61.191.51.51
sarah050,송미영,82521654,Assistant,선임연구원,설계팀,2025-09-09,61.191.51.51
sarah050,송미영,82521654,Assistant,선임연구원,설계팀,2025-09-11,61.191.51.51
sarah050,송미영,82521654,Assistant,선임연구원,설계팀,2025-09-23,61.191.51.51
steve304,임혜진,64716610,Assistant,이사,물류팀,2025-06-29,129.112.144.21
steve304,임혜진,64716610,Assistant,이사,물류팀,2025-07-01,129.112.144.21
steve304,임혜진,64716610,Assistant,이사,물류팀,2025-07-02,129.112.144.21
steve304,임혜진,64716610,Assistant,이사,물류팀,2025-07-04,129.112.144.21
steve304,임혜진,64716610,Assistant,이사,물류팀,2025-07-09,129.112.144.21
steve304,임혜진,64716610,Assistant,이사,물류팀,2025-07-12,129.112.144.21
steve304,임혜진,64716610,Assistant,이사,물류팀,2025-07-14,129.112.144.21
steve304,임혜진,64716610,Assistant,이사,물류팀,2025-07-17,129.112.144.21
steve304,임혜진,64716610,Assistant,이사,물류팀,2025-07-19,129.112.144.21
steve304,임혜진,64716610,Assistant,이사,물류팀,2025-07-25,129.112.144.21
steve304,임혜진,64716610,Assistant,이사,물류팀,2025-07-26,129.112.144.21
steve304,임혜진,64716610,Assistant,이사,물류팀,2025-07-28,129.112.144.21
steve304,임혜진,64716610,Assistant,이사,물류팀,2025-07-31,129.112.144.21
steve304,임혜진,64716610,Assistant,이사,물류팀,2025-08-08,129.112.144.21
steve304,임혜진,64716610,Assistant,이사,물류팀,2025-08-12,129.112.144.21
steve304,임혜진,64716610,Assistant,이사,물류팀,2025-08-16,129.112.144.21
steve304,임혜진,64716610,Assistant,이사,물류팀,2025-08-17,129.112.144.21
steve304,임혜진,64716610,Assistant,이사,물류팀,2025-08-21,129.112.144.21
steve304,임혜진,64716610,Assistant,이사,물류팀,2025-08-25,129.112.144.21
steve304,임혜진,64716610,Assistant,이사,물류팀,2025-08-27,129.112.144.21
steve304,임혜진,64716610,Assistant,이사,물류팀,2025-08-30,129.112.144.21
steve304,임혜진,64716610,Assistant,이사,물류팀,2025-09-01,129.112.144.21
steve304,임혜진,64716610,Assistant,이사,물류팀,2025-09-10,129.112.144.21
steve304,임혜진,64716610,Assistant,이사,물류팀,2025-09-12,129.112.144.21
steve304,임혜진,64716610,Assistant,이사,물류팀,2025-09-20,129.112.144.21
steve304,임혜진,64716610,Assistant,이사,물류팀,2025-09-24,129.112.144.21
chris503,김선미,99393265,Specialist,코디네이터,IT부서,2025-08-15,51.53.175.9
paul476,박혜진,13253967,Senior Analyst,전문가,구매팀,2025-06-29,164.10.38.98
paul476,박혜진,13253967,Senior Analyst,전문가,구매팀,2025-07-08,164.10.38.98
paul476,박혜진,13253967,Senior Analyst,전문가,구매팀,2025-07-10,164.10.38.98
paul476,박혜진,13253967,Senior Analyst,전문가,구매팀,2025-07-15,164.10.38.98
paul476,박혜진,13253967,Senior Analyst,전문가,구매팀,2025-07-19,164.10.38.98
paul476,박혜진,13253967,Senior Analyst,전문가,구매팀,2025-08-01,164.10.38.98
paul476,박혜진,13253967,Senior Analyst,전문가,구매팀,2025-08-05,164.10.38.98
paul476,박혜진,13253967,Senior Analyst,전문가,구매팀,2025-08-09,164.10.38.98
paul476,박혜진,13253967,Senior Analyst,전문가,구매팀,2025-08-11,164.10.38.98
paul476,박혜진,13253967,Senior Analyst,전문가,구매팀,2025-08-12,164.10.38.98
paul476,박혜진,13253967,Senior Analyst,전문가,구매팀,2025-08-13,164.10.38.98
paul476,박혜진,13253967,Senior Analyst,전문가,구매팀,2025-08-15,164.10.38.98
paul476,박혜진,13253967,Senior Analyst,전문가,구매팀,2025-08-17,164.10.38.98
paul476,박혜진,13253967,Senior Analyst,전문가,구매팀,2025-08-25,164.10.38.98
paul476,박혜진,13253967,Senior Analyst,전문가,구매팀,2025-08-26,164.10.38.98
paul476,박혜진,13253967,Senior Analyst,전문가,구매팀,2025-08-29,164.10.38.98
paul476,박혜진,13253967,Senior Analyst,전문가,구매팀,2025-08-31,164.10.38.98
paul476,박혜진,13253967,Senior Analyst,전문가,구매팀,2025-09-01,164.10.38.98
paul476,박혜진,13253967,Senior Analyst,전문가,구매팀,2025-09-04,164.10.38.98
paul476,박혜진,13253967,Senior Analyst,전문가,구매팀,2025-09-06,164.10.38.98
paul476,박혜진,13253967,Senior Analyst,전문가,구매팀,2025-09-16,164.10.38.98
paul476,박혜진,13253967,Senior Analyst,전문가,구매팀,2025-09-20,164.10.38.98
john004,권수지,21313120,Senior Manager,리드,운영팀,2025-07-06,96.22.230.155
john004,권수지,21313120,Senior Manager,리드,운영팀,2025-07-29,96.22.230.155
john004,권수지,21313120,Senior Manager,리드,운영팀,2025-08-08,96.22.230.155
john004,권수지,21313120,Senior Manager,리드,운영팀,2025-09-21,96.22.230.155
john935,안미영,56268362,Senior Analyst,부장,테스트팀,2025-07-16,83.20.217.105
john935,안미영,56268362,Senior Analyst,부장,테스트팀,2025-07-22,83.20.217.105
john935,안미영,56268362,Senior Analyst,부장,테스트팀,2025-07-30,83.20.217.105
john935,안미영,56268362,Senior Analyst,부장,테스트팀,2025-09-13,83.20.217.105
john935,안미영,56268362,Senior Analyst,부장,테스트팀,2025-09-20,83.20.217.105
alex082,조나영,30193846,Analyst,어시스턴트,인사부,2025-07-03,89.193.111.207
alex082,조나영,30193846,Analyst,어시스턴트,인사부,2025-07-11,89.193.111.207
alex082,조나영,30193846,Analyst,어시스턴트,인사부,2025-08-04,89.193.111.207
alex082,조나영,30193846,Analyst,어시스턴트,인사부,2025-08-13,89.193.111.207
alex082,조나영,30193846,Analyst,어시스턴트,인사부,2025-09-01,89.193.111.207
alex082,조나영,30193846,Analyst,어시스턴트,인사부,2025-09-11,89.193.111.207
alex082,조나영,30193846,Analyst,어시스턴트,인사부,2025-09-13,89.193.111.207
anna127,정지은,17544026,Specialist,분석가,보안팀,2025-06-28,31.11.212.86
anna127,정지은,17544026,Specialist,분석가,보안팀,2025-07-02,31.11.212.86
anna127,정지은,17544026,Specialist,분석가,보안팀,2025-07-06,31.11.212.86
anna127,정지은,17544026,Specialist,분석가,보안팀,2025-07-20,31.11.212.86
anna127,정지은,17544026,Specialist,분석가,보안팀,2025-07-23,31.11.212.86
anna127,정지은,17544026,Specialist,분석가,보안팀,2025-07-26,31.11.212.86
anna127,정지은,17544026,Specialist,분석가,보안팀,2025-07-27,31.11.212.86
anna127,정지은,17544026,Specialist,분석가,보안팀,2025-07-30,31.11.212.86
anna127,정지은,17544026,Specialist,분석가,보안팀,2025-07-31,31.11.212.86
anna127,정지은,17544026,Specialist,분석가,보안팀,2025-08-10,31.11.212.86
anna127,정지은,17544026,Specialist,분석가,보안팀,2025-08-12,31.11.212.86
anna127,정지은,17544026,Specialist,분석가,보안팀,2025-08-25,31.11.212.86
anna127,정지은,17544026,Specialist,분석가,보안팀,2025-08-26,31.11.212.86
anna127,정지은,17544026,Specialist,분석가,보안팀,2025-09-02,31.11.212.86
anna127,정지은,17544026,Specialist,분석가,보안팀,2025-09-08,31.11.212.86
anna127,정지은,17544026,Specialist,분석가,보안팀,2025-09-11,31.11.212.86
anna127,정지은,17544026,Specialist,분석가,보안팀,2025-09-13,31.11.212.86
anna127,정지은,17544026,Specialist,분석가,보안팀,2025-09-15,31.11.212.86
anna127,정지은,17544026,Specialist,분석가,보안팀,2025-09-20,31.11.212.86
anna127,정지은,17544026,Specialist,분석가,보안팀,2025-09-23,31.11.212.86
lucy633,최나영,39548329,Senior Engineer,코디네이터,마케팅부,2025-07-01,182.159.147.158
lucy633,최나영,39548329,Senior Engineer,코디네이터,마케팅부,2025-07-14,182.159.147.158
lucy633,최나영,39548329,Senior Engineer,코디네이터,마케팅부,2025-07-30,182.159.147.158
lucy633,최나영,39548329,Senior Engineer,코디네이터,마케팅부,2025-08-01,182.159.147.158
lucy633,최나영,39548329,Senior Engineer,코디네이터,마케팅부,2025-08-14,182.159.147.158
lucy633,최나영,39548329,Senior Engineer,코디네이터,마케팅부,2025-08-21,182.159.147.158
lucy633,최나영,39548329,Senior Engineer,코디네이터,마케팅부,2025-08-28,182.159.147.158
lucy633,최나영,39548329,Senior Engineer,코디네이터,마케팅부,2025-09-02,182.159.147.158
lucy633,최나영,39548329,Senior Engineer,코디네이터,마케팅부,2025-09-17,182.159.147.158
lisa999,장성민,54189351,Senior Engineer,리드,연구개발부,2025-06-29,84.9.154.81
lisa999,장성민,54189351,Senior Engineer,리드,연구개발부,2025-07-10,84.9.154.81
lisa999,장성민,54189351,Senior Engineer,리드,연구개발부,2025-07-11,84.9.154.81
lisa999,장성민,54189351,Senior Engineer,리드,연구개발부,2025-07-16,84.9.154.81
lisa999,장성민,54189351,Senior Engineer,리드,연구개발부,2025-07-25,84.9.154.81
lisa999,장성민,54189351,Senior Engineer,리드,연구개발부,2025-07-26,84.9.154.81
lisa999,장성민,54189351,Senior Engineer,리드,연구개발부,2025-07-28,84.9.154.81
lisa999,장성민,54189351,Senior Engineer,리드,연구개발부,2025-07-30,84.9.154.81
lisa999,장성민,54189351,Senior Engineer,리드,연구개발부,2025-08-04,84.9.154.81
lisa999,장성민,54189351,Senior Engineer,리드,연구개발부,2025-08-09,84.9.154.81
lisa999,장성민,54189351,Senior Engineer,리드,연구개발부,2025-08-12,84.9.154.81
lisa999,장성민,54189351,Senior Engineer,리드,연구개발부,2025-08-13,84.9.154.81
lisa999,장성민,54189351,Senior Engineer,리드,연구개발부,2025-08-23,84.9.154.81
lisa999,장성민,54189351,Senior Engineer,리드,연구개발부,2025-08-29,84.9.154.81
lisa999,장성민,54189351,Senior Engineer,리드,연구개발부,2025-09-01,84.9.154.81
lisa999,장성민,54189351,Senior Engineer,리드,연구개발부,2025-09-02,84.9.154.81
lisa999,장성민,54189351,Senior Engineer,리드,연구개발부,2025-09-03,84.9.154.81
lisa999,장성민,54189351,Senior Engineer,리드,연구개발부,2025-09-04,84.9.154.81
lisa999,장성민,54189351,Senior Engineer,리드,연구개발부,2025-09-12,84.9.154.81
lisa999,장성민,54189351,Senior Engineer,리드,연구개발부,2025-09-15,84.9.154.81
lisa999,장성민,54189351,Senior Engineer,리드,연구개발부,2025-09-18,84.9.154.81
lisa999,장성민,54189351,Senior Engineer,리드,연구개발부,2025-09-19,84.9.154.81
lisa999,장성민,54189351,Senior Engineer,리드,연구개발부,2025-09-21,84.9.154.81
lisa999,장성민,54189351,Senior Engineer,리드,연구개발부,2025-09-22,84.9.154.81
anna833,임수지,38716836,Director,설계자,제조부,2025-07-04,240.251.135.228
anna833,임수지,38716836,Director,설계자,제조부,2025-07-07,240.251.135.228
anna833,임수지,38716836,Director,설계자,제조부,2025-07-18,240.251.135.228
anna833,임수지,38716836,Director,설계자,제조부,2025-07-22,240.251.135.228
anna833,임수지,38716836,Director,설계자,제조부,2025-08-07,240.251.135.228
anna833,임수지,38716836,Director,설계자,제조부,2025-08-10,240.251.135.228
anna833,임수지,38716836,Director,설계자,제조부,2025-08-22,240.251.135.228
anna833,임수지,38716836,Director,설계자,제조부,2025-08-23,240.251.135.228
anna833,임수지,38716836,Director,설계자,제조부,2025-08-26,240.251.135.228
anna833,임수지,38716836,Director,설계자,제조부,2025-09-08,240.251.135.228
emma955,박철수,70119008,Senior Engineer,테스터,물류팀,2025-06-30,18.97.210.109
emma955,박철수,70119008,Senior Engineer,테스터,물류팀,2025-07-27,18.97.210.109
emma955,박철수,70119008,Senior Engineer,테스터,물류팀,2025-08-08,18.97.210.109
emma955,박철수,70119008,Senior Engineer,테스터,물류팀,2025-09-04,18.97.210.109
emma955,박철수,70119008,Senior Engineer,테스터,물류팀,2025-09-19,18.97.210.109
james927,권지은,97465197,Architect,선임연구원,영업부,2025-07-10,36.227.124.73
james927,권지은,97465197,Architect,선임연구원,영업부,2025-07-11,36.227.124.73
james927,권지은,97465197,Architect,선임연구원,영업부,2025-08-01,36.227.124.73
james927,권지은,97465197,Architect,선임연구원,영업부,2025-08-03,36.227.124.73
james927,권지은,97465197,Architect,선임연구원,영업부,2025-08-10,36.227.124.73
james927,권지은,97465197,Architect,선임연구원,영업부,2025-08-14,36.227.124.73
james927,권지은,97465197,Architect,선임연구원,영업부,2025-09-11,36.227.124.73
jane658,정나영,83912000,Assistant,어시스턴트,고객지원팀,2025-06-29,241.108.223.141
jane658,정나영,83912000,Assistant,어시스턴트,고객지원팀,2025-07-02,241.108.223.141
jane658,정나영,83912000,Assistant,어시스턴트,고객지원팀,2025-07-04,241.108.223.141
jane658,정나영,83912000,Assistant,어시스턴트,고객지원팀,2025-07-05,241.108.223.141
jane658,정나영,83912000,Assistant,어시스턴트,고객지원팀,2025-07-08,241.108.223.141
jane658,정나영,83912000,Assistant,어시스턴트,고객지원팀,2025-07-10,241.108.223.141
jane658,정나영,83912000,Assistant,어시스턴트,고객지원팀,2025-07-14,241.108.223.141
jane658,정나영,83912000,Assistant,어시스턴트,고객지원팀,2025-07-15,241.108.223.141
jane658,정나영,83912000,Assistant,어시스턴트,고객지원팀,2025-07-16,241.108.223.141
jane658,정나영,83912000,Assistant,어시스턴트,고객지원팀,2025-07-18,241.108.223.141
jane658,정나영,83912000,Assistant,어시스턴트,고객지원팀,2025-07-19,241.108.223.141
jane658,정나영,83912000,Assistant,어시스턴트,고객지원팀,2025-07-21,241.108.223.141
jane658,정나영,83912000,Assistant,어시스턴트,고객지원팀,2025-07-22,241.108.223.141
jane658,정나영,83912000,Assistant,어시스턴트,고객지원팀,2025-07-31,241.108.223.141
jane658,정나영,83912000,Assistant,어시스턴트,고객지원팀,2025-08-01,241.108.223.141
jane658,정나영,83912000,Assistant,어시스턴트,고객지원팀,2025-08-11,241.108.223.141
jane658,정나영,83912000,Assistant,어시스턴트,고객지원팀,2025-08-25,241.108.223.141
jane658,정나영,83912000,Assistant,어시스턴트,고객지원팀,2025-08-28,241.108.223.141
jane658,정나영,83912000,Assistant,어시스턴트,고객지원팀,2025-09-05,241.108.223.141
jane658,정나영,83912000,Assistant,어시스턴트,고객지원팀,2025-09-06,241.108.223.141
jane658,정나영,83912000,Assistant,어시스턴트,고객지원팀,2025-09-12,241.108.223.141
jane658,정나영,83912000,Assistant,어시스턴트,고객지원팀,2025-09-22,241.108.223.141
jane658,정나영,83912000,Assistant,어시스턴트,고객지원팀,2025-09-23,241.108.223.141
david531,정동현,94554457,Assistant,분석가,연구개발부,2025-06-28,82.70.137.3
david531,정동현,94554457,Assistant,분석가,연구개발부,2025-07-01,82.70.137.3
david531,정동현,94554457,Assistant,분석가,연구개발부,2025-07-08,82.70.137.3
david531,정동현,94554457,Assistant,분석가,연구개발부,2025-07-12,82.70.137.3
david531,정동현,94554457,Assistant,분석가,연구개발부,2025-07-17,82.70.137.3
david531,정동현,94554457,Assistant,분석가,연구개발부,2025-07-18,82.70.137.3
david531,정동현,94554457,Assistant,분석가,연구개발부,2025-07-25,82.70.137.3
david531,정동현,94554457,Assistant,분석가,연구개발부,2025-07-28,82.70.137.3
david531,정동현,94554457,Assistant,분석가,연구개발부,2025-07-30,82.70.137.3
david531,정동현,94554457,Assistant,분석가,연구개발부,2025-07-31,82.70.137.3
david531,정동현,94554457,Assistant,분석가,연구개발부,2025-08-02,82.70.137.3
david531,정동현,94554457,Assistant,분석가,연구개발부,2025-08-08,82.70.137.3
david531,정동현,94554457,Assistant,분석가,연구개발부,2025-08-21,82.70.137.3
david531,정동현,94554457,Assistant,분석가,연구개발부,2025-08-28,82.70.137.3
david531,정동현,94554457,Assistant,분석가,연구개발부,2025-09-01,82.70.137.3
david531,정동현,94554457,Assistant,분석가,연구개발부,2025-09-10,82.70.137.3
david531,정동현,94554457,Assistant,분석가,연구개발부,2025-09-12,82.70.137.3
david531,정동현,94554457,Assistant,분석가,연구개발부,2025-09-15,82.70.137.3
david531,정동현,94554457,Assistant,분석가,연구개발부,2025-09-19,82.70.137.3
david531,정동현,94554457,Assistant,분석가,연구개발부,2025-09-23,82.70.137.3
david531,정동현,94554457,Assistant,분석가,연구개발부,2025-09-24,82.70.137.3
kate237,권유진,96639530,Senior Engineer,코디네이터,기획부,2025-06-27,182.244.65.86
kate237,권유진,96639530,Senior Engineer,코디네이터,기획부,2025-07-04,182.244.65.86
kate237,권유진,96639530,Senior Engineer,코디네이터,기획부,2025-07-07,182.244.65.86
kate237,권유진,96639530,Senior Engineer,코디네이터,기획부,2025-07-09,182.244.65.86
kate237,권유진,96639530,Senior Engineer,코디네이터,기획부,2025-07-24,182.244.65.86
kate237,권유진,96639530,Senior Engineer,코디네이터,기획부,2025-08-29,182.244.65.86
kate237,권유진,96639530,Senior Engineer,코디네이터,기획부,2025-09-10,182.244.65.86
kate237,권유진,96639530,Senior Engineer,코디네이터,기획부,2025-09-19,182.244.65.86
chris704,송철수,47485151,Analyst,이사,운영팀,2025-07-21,77.33.203.237
chris704,송철수,47485151,Analyst,이사,운영팀,2025-08-03,77.33.203.237
chris704,송철수,47485151,Analyst,이사,운영팀,2025-08-05,77.33.203.237
chris704,송철수,47485151,Analyst,이사,운영팀,2025-08-07,77.33.203.237
chris704,송철수,47485151,Analyst,이사,운영팀,2025-08-08,77.33.203.237
chris704,송철수,47485151,Analyst,이사,운영팀,2025-08-24,77.33.203.237
chris704,송철수,47485151,Analyst,이사,운영팀,2025-08-30,77.33.203.237
amy478,송동현,46331329,Coordinator,연구원,품질관리팀,2025-07-02,92.59.110.238
amy478,송동현,46331329,Coordinator,연구원,품질관리팀,2025-07-07,92.59.110.238
amy478,송동현,46331329,Coordinator,연구원,품질관리팀,2025-07-10,92.59.110.238
amy478,송동현,46331329,Coordinator,연구원,품질관리팀,2025-07-13,92.59.110.238
amy478,송동현,46331329,Coordinator,연구원,품질관리팀,2025-07-19,92.59.110.238
amy478,송동현,46331329,Coordinator,연구원,품질관리팀,2025-07-25,92.59.110.238
amy478,송동현,46331329,Coordinator,연구원,품질관리팀,2025-07-27,92.59.110.238
amy478,송동현,46331329,Coordinator,연구원,품질관리팀,2025-07-28,92.59.110.238
amy478,송동현,46331329,Coordinator,연구원,품질관리팀,2025-09-06,92.59.110.238
amy478,송동현,46331329,Coordinator,연구원,품질관리팀,2025-09-13,92.59.110.238
amy478,송동현,46331329,Coordinator,연구원,품질관리팀,2025-09-14,92.59.110.238
jane347,류나영,80236922,Senior Manager,분석가,재무부,2025-06-27,44.149.251.11
jane347,류나영,80236922,Senior Manager,분석가,재무부,2025-07-02,44.149.251.11
jane347,류나영,80236922,Senior Manager,분석가,재무부,2025-07-14,44.149.251.11
jane347,류나영,80236922,Senior Manager,분석가,재무부,2025-07-18,44.149.251.11
jane347,류나영,80236922,Senior Manager,분석가,재무부,2025-07-24,44.149.251.11
jane347,류나영,80236922,Senior Manager,분석가,재무부,2025-07-29,44.149.251.11
jane347,류나영,80236922,Senior Manager,분석가,재무부,2025-07-31,44.149.251.11
jane347,류나영,80236922,Senior Manager,분석가,재무부,2025-08-02,44.149.251.11
jane347,류나영,80236922,Senior Manager,분석가,재무부,2025-08-04,44.149.251.11
jane347,류나영,80236922,Senior Manager,분석가,재무부,2025-08-07,44.149.251.11
jane347,류나영,80236922,Senior Manager,분석가,재무부,2025-08-15,44.149.251.11
jane347,류나영,80236922,Senior Manager,분석가,재무부,2025-08-18,44.149.251.11
jane347,류나영,80236922,Senior Manager,분석가,재무부,2025-08-30,44.149.251.11
jane347,류나영,80236922,Senior Manager,분석가,재무부,2025-09-01,44.149.251.11
jane347,류나영,80236922,Senior Manager,분석가,재무부,2025-09-10,44.149.251.11
jane347,류나영,80236922,Senior Manager,분석가,재무부,2025-09-11,44.149.251.11
jane347,류나영,80236922,Senior Manager,분석가,재무부,2025-09-14,44.149.251.11
jane347,류나영,80236922,Senior Manager,분석가,재무부,2025-09-16,44.149.251.11
jane347,류나영,80236922,Senior Manager,분석가,재무부,2025-09-23,44.149.251.11
nina480,강상훈,82348301,Architect,전문가,유지보수팀,2025-06-29,249.217.116.38
nina480,강상훈,82348301,Architect,전문가,유지보수팀,2025-07-07,249.217.116.38
nina480,강상훈,82348301,Architect,전문가,유지보수팀,2025-07-08,249.217.116.38
nina480,강상훈,82348301,Architect,전문가,유지보수팀,2025-07-12,249.217.116.38
nina480,강상훈,82348301,Architect,전문가,유지보수팀,2025-07-15,249.217.116.38
nina480,강상훈,82348301,Architect,전문가,유지보수팀,2025-07-18,249.217.116.38
nina480,강상훈,82348301,Architect,전문가,유지보수팀,2025-07-21,249.217.116.38
nina480,강상훈,82348301,Architect,전문가,유지보수팀,2025-08-16,249.217.116.38
nina480,강상훈,82348301,Architect,전문가,유지보수팀,2025-08-25,249.217.116.38
nina480,강상훈,82348301,Architect,전문가,유지보수팀,2025-09-04,249.217.116.38
nina480,강상훈,82348301,Architect,전문가,유지보수팀,2025-09-10,249.217.116.38
nina480,강상훈,82348301,Architect,전문가,유지보수팀,2025-09-15,249.217.116.38
nina480,강상훈,82348301,Architect,전문가,유지보수팀,2025-09-16,249.217.116.38
nina480,강상훈,82348301,Architect,전문가,유지보수팀,2025-09-17,249.217.116.38
nina480,강상훈,82348301,Architect,전문가,유지보수팀,2025-09-21,249.217.116.38
lucy417,장현우,53852962,Senior Manager,전문가,반도체사업부,2025-06-30,160.226.188.96
lucy417,장현우,53852962,Senior Manager,전문가,반도체사업부,2025-07-05,160.226.188.96
lucy417,장현우,53852962,Senior Manager,전문가,반도체사업부,2025-07-08,160.226.188.96
lucy417,장현우,53852962,Senior Manager,전문가,반도체사업부,2025-07-10,160.226.188.96
lucy417,장현우,53852962,Senior Manager,전문가,반도체사업부,2025-07-12,160.226.188.96
lucy417,장현우,53852962,Senior Manager,전문가,반도체사업부,2025-07-15,160.226.188.96
lucy417,장현우,53852962,Senior Manager,전문가,반도체사업부,2025-07-29,160.226.188.96
lucy417,장현우,53852962,Senior Manager,전문가,반도체사업부,2025-07-31,160.226.188.96
lucy417,장현우,53852962,Senior Manager,전문가,반도체사업부,2025-08-03,160.226.188.96
lucy417,장현우,53852962,Senior Manager,전문가,반도체사업부,2025-08-08,160.226.188.96
lucy417,장현우,53852962,Senior Manager,전문가,반도체사업부,2025-08-10,160.226.188.96
lucy417,장현우,53852962,Senior Manager,전문가,반도체사업부,2025-08-15,160.226.188.96
lucy417,장현우,53852962,Senior Manager,전문가,반도체사업부,2025-08-17,160.226.188.96
lucy417,장현우,53852962,Senior Manager,전문가,반도체사업부,2025-08-19,160.226.188.96
lucy417,장현우,53852962,Senior Manager,전문가,반도체사업부,2025-08-20,160.226.188.96
lucy417,장현우,53852962,Senior Manager,전문가,반도체사업부,2025-08-21,160.226.188.96
lucy417,장현우,53852962,Senior Manager,전문가,반도체사업부,2025-08-22,160.226.188.96
lucy417,장현우,53852962,Senior Manager,전문가,반도체사업부,2025-08-26,160.226.188.96
lucy417,장현우,53852962,Senior Manager,전문가,반도체사업부,2025-09-03,160.226.188.96
lucy417,장현우,53852962,Senior Manager,전문가,반도체사업부,2025-09-08,160.226.188.96
lucy417,장현우,53852962,Senior Manager,전문가,반도체사업부,2025-09-10,160.226.188.96
lucy417,장현우,53852962,Senior Manager,전문가,반도체사업부,2025-09-12,160.226.188.96
lucy417,장현우,53852962,Senior Manager,전문가,반도체사업부,2025-09-24,160.226.188.96
paul880,최수지,73529463,Senior Analyst,어시스턴트,QA팀,2025-06-27,184.187.166.102
paul880,최수지,73529463,Senior Analyst,어시스턴트,QA팀,2025-07-07,184.187.166.102
paul880,최수지,73529463,Senior Analyst,어시스턴트,QA팀,2025-07-10,184.187.166.102
paul880,최수지,73529463,Senior Analyst,어시스턴트,QA팀,2025-07-20,184.187.166.102
paul880,최수지,73529463,Senior Analyst,어시스턴트,QA팀,2025-07-22,184.187.166.102
paul880,최수지,73529463,Senior Analyst,어시스턴트,QA팀,2025-07-31,184.187.166.102
paul880,최수지,73529463,Senior Analyst,어시스턴트,QA팀,2025-08-03,184.187.166.102
paul880,최수지,73529463,Senior Analyst,어시스턴트,QA팀,2025-08-05,184.187.166.102
paul880,최수지,73529463,Senior Analyst,어시스턴트,QA팀,2025-08-08,184.187.166.102
paul880,최수지,73529463,Senior Analyst,어시스턴트,QA팀,2025-08-09,184.187.166.102
paul880,최수지,73529463,Senior Analyst,어시스턴트,QA팀,2025-08-12,184.187.166.102
paul880,최수지,73529463,Senior Analyst,어시스턴트,QA팀,2025-08-13,184.187.166.102
paul880,최수지,73529463,Senior Analyst,어시스턴트,QA팀,2025-08-14,184.187.166.102
paul880,최수지,73529463,Senior Analyst,어시스턴트,QA팀,2025-08-17,184.187.166.102
paul880,최수지,73529463,Senior Analyst,어시스턴트,QA팀,2025-08-27,184.187.166.102
paul880,최수지,73529463,Senior Analyst,어시스턴트,QA팀,2025-09-03,184.187.166.102
paul880,최수지,73529463,Senior Analyst,어시스턴트,QA팀,2025-09-08,184.187.166.102
paul880,최수지,73529463,Senior Analyst,어시스턴트,QA팀,2025-09-09,184.187.166.102
paul880,최수지,73529463,Senior Analyst,어시스턴트,QA팀,2025-09-10,184.187.166.102
paul880,최수지,73529463,Senior Analyst,어시스턴트,QA팀,2025-09-13,184.187.166.102
paul880,최수지,73529463,Senior Analyst,어시스턴트,QA팀,2025-09-20,184.187.166.102
paul880,최수지,73529463,Senior Analyst,어시스턴트,QA팀,2025-09-21,184.187.166.102
paul880,최수지,73529463,Senior Analyst,어시스턴트,QA팀,2025-09-24,184.187.166.102
mark985,안상훈,14133077,Specialist,리드,QA팀,2025-07-02,35.74.111.14
mark985,안상훈,14133077,Specialist,리드,QA팀,2025-07-25,35.74.111.14
mark985,안상훈,14133077,Specialist,리드,QA팀,2025-07-27,35.74.111.14
mark985,안상훈,14133077,Specialist,리드,QA팀,2025-08-13,35.74.111.14
mark985,안상훈,14133077,Specialist,리드,QA팀,2025-08-31,35.74.111.14
mark985,안상훈,14133077,Specialist,리드,QA팀,2025-09-24,35.74.111.14
james017,김동현,66713991,Tester,팀장,운영팀,2025-06-27,238.67.15.179
james017,김동현,66713991,Tester,팀장,운영팀,2025-06-28,238.67.15.179
james017,김동현,66713991,Tester,팀장,운영팀,2025-06-29,238.67.15.179
james017,김동현,66713991,Tester,팀장,운영팀,2025-07-01,238.67.15.179
james017,김동현,66713991,Tester,팀장,운영팀,2025-07-06,238.67.15.179
james017,김동현,66713991,Tester,팀장,운영팀,2025-07-14,238.67.15.179
james017,김동현,66713991,Tester,팀장,운영팀,2025-07-19,238.67.15.179
james017,김동현,66713991,Tester,팀장,운영팀,2025-07-20,238.67.15.179
james017,김동현,66713991,Tester,팀장,운영팀,2025-07-21,238.67.15.179
james017,김동현,66713991,Tester,팀장,운영팀,2025-07-23,238.67.15.179
james017,김동현,66713991,Tester,팀장,운영팀,2025-07-24,238.67.15.179
james017,김동현,66713991,Tester,팀장,운영팀,2025-07-30,238.67.15.179
james017,김동현,66713991,Tester,팀장,운영팀,2025-08-01,238.67.15.179
james017,김동현,66713991,Tester,팀장,운영팀,2025-08-08,238.67.15.179
james017,김동현,66713991,Tester,팀장,운영팀,2025-08-11,238.67.15.179
james017,김동현,66713991,Tester,팀장,운영팀,2025-08-17,238.67.15.179
james017,김동현,66713991,Tester,팀장,운영팀,2025-09-03,238.67.15.179
james017,김동현,66713991,Tester,팀장,운영팀,2025-09-08,238.67.15.179
james017,김동현,66713991,Tester,팀장,운영팀,2025-09-12,238.67.15.179
james017,김동현,66713991,Tester,팀장,운영팀,2025-09-14,238.67.15.179
james017,김동현,66713991,Tester,팀장,운영팀,2025-09-22,238.67.15.179
james017,김동현,66713991,Tester,팀장,운영팀,2025-09-23,238.67.15.179
mike445,서선미,94719011,Architect,전문가,구매팀,2025-06-29,241.69.198.206
mike445,서선미,94719011,Architect,전문가,구매팀,2025-07-03,241.69.198.206
mike445,서선미,94719011,Architect,전문가,구매팀,2025-07-07,241.69.198.206
mike445,서선미,94719011,Architect,전문가,구매팀,2025-07-17,241.69.198.206
mike445,서선미,94719011,Architect,전문가,구매팀,2025-07-24,241.69.198.206
mike445,서선미,94719011,Architect,전문가,구매팀,2025-07-27,241.69.198.206
mike445,서선미,94719011,Architect,전문가,구매팀,2025-07-28,241.69.198.206
mike445,서선미,94719011,Architect,전문가,구매팀,2025-07-30,241.69.198.206
mike445,서선미,94719011,Architect,전문가,구매팀,2025-08-01,241.69.198.206
mike445,서선미,94719011,Architect,전문가,구매팀,2025-08-06,241.69.198.206
mike445,서선미,94719011,Architect,전문가,구매팀,2025-08-11,241.69.198.206
mike445,서선미,94719011,Architect,전문가,구매팀,2025-08-16,241.69.198.206
mike445,서선미,94719011,Architect,전문가,구매팀,2025-08-18,241.69.198.206
mike445,서선미,94719011,Architect,전문가,구매팀,2025-09-04,241.69.198.206
mike445,서선미,94719011,Architect,전문가,구매팀,2025-09-07,241.69.198.206
mike445,서선미,94719011,Architect,전문가,구매팀,2025-09-24,241.69.198.206
john286,송현우,90687658,Senior Developer,어시스턴트,마케팅부,2025-07-01,51.207.130.198
john286,송현우,90687658,Senior Developer,어시스턴트,마케팅부,2025-07-03,51.207.130.198
john286,송현우,90687658,Senior Developer,어시스턴트,마케팅부,2025-07-08,51.207.130.198
john286,송현우,90687658,Senior Developer,어시스턴트,마케팅부,2025-08-03,51.207.130.198
john286,송현우,90687658,Senior Developer,어시스턴트,마케팅부,2025-08-07,51.207.130.198
john286,송현우,90687658,Senior Developer,어시스턴트,마케팅부,2025-08-10,51.207.130.198
john286,송현우,90687658,Senior Developer,어시스턴트,마케팅부,2025-08-12,51.207.130.198
john286,송현우,90687658,Senior Developer,어시스턴트,마케팅부,2025-08-14,51.207.130.198
john286,송현우,90687658,Senior Developer,어시스턴트,마케팅부,2025-08-16,51.207.130.198
john286,송현우,90687658,Senior Developer,어시스턴트,마케팅부,2025-08-17,51.207.130.198
john286,송현우,90687658,Senior Developer,어시스턴트,마케팅부,2025-08-19,51.207.130.198
john286,송현우,90687658,Senior Developer,어시스턴트,마케팅부,2025-08-20,51.207.130.198
john286,송현우,90687658,Senior Developer,어시스턴트,마케팅부,2025-08-26,51.207.130.198
john286,송현우,90687658,Senior Developer,어시스턴트,마케팅부,2025-08-30,51.207.130.198
john286,송현우,90687658,Senior Developer,어시스턴트,마케팅부,2025-09-03,51.207.130.198
john286,송현우,90687658,Senior Developer,어시스턴트,마케팅부,2025-09-05,51.207.130.198
john286,송현우,90687658,Senior Developer,어시스턴트,마케팅부,2025-09-06,51.207.130.198
john286,송현우,90687658,Senior Developer,어시스턴트,마케팅부,2025-09-08,51.207.130.198
john286,송현우,90687658,Senior Developer,어시스턴트,마케팅부,2025-09-09,51.207.130.198
john286,송현우,90687658,Senior Developer,어시스턴트,마케팅부,2025-09-10,51.207.130.198
john286,송현우,90687658,Senior Developer,어시스턴트,마케팅부,2025-09-13,51.207.130.198
lisa093,서미영,32436814,Senior Manager,리드,구매팀,2025-07-06,103.133.138.245
lisa093,서미영,32436814,Senior Manager,리드,구매팀,2025-07-10,103.133.138.245
lisa093,서미영,32436814,Senior Manager,리드,구매팀,2025-07-20,103.133.138.245
lisa093,서미영,32436814,Senior Manager,리드,구매팀,2025-07-27,103.133.138.245
lisa093,서미영,32436814,Senior Manager,리드,구매팀,2025-08-06,103.133.138.245
lisa093,서미영,32436814,Senior Manager,리드,구매팀,2025-08-16,103.133.138.245
lisa093,서미영,32436814,Senior Manager,리드,구매팀,2025-08-30,103.133.138.245
lisa093,서미영,32436814,Senior Manager,리드,구매팀,2025-09-04,103.133.138.245
lisa093,서미영,32436814,Senior Manager,리드,구매팀,2025-09-06,103.133.138.245
lisa093,서미영,32436814,Senior Manager,리드,구매팀,2025-09-15,103.133.138.245
lisa093,서미영,32436814,Senior Manager,리드,구매팀,2025-09-17,103.133.138.245
steve683,전성민,18041252,Senior Analyst,팀장,연구개발부,2025-07-01,179.200.203.73
steve683,전성민,18041252,Senior Analyst,팀장,연구개발부,2025-07-02,179.200.203.73
steve683,전성민,18041252,Senior Analyst,팀장,연구개발부,2025-07-15,179.200.203.73
steve683,전성민,18041252,Senior Analyst,팀장,연구개발부,2025-08-25,179.200.203.73
steve683,전성민,18041252,Senior Analyst,팀장,연구개발부,2025-09-20,179.200.203.73
sarah461,신은정,94799525,Lead,선임분석가,설계팀,2025-07-03,128.219.37.170
sarah461,신은정,94799525,Lead,선임분석가,설계팀,2025-07-04,128.219.37.170
sarah461,신은정,94799525,Lead,선임분석가,설계팀,2025-07-06,128.219.37.170
sarah461,신은정,94799525,Lead,선임분석가,설계팀,2025-07-12,128.219.37.170
sarah461,신은정,94799525,Lead,선임분석가,설계팀,2025-07-20,128.219.37.170
sarah461,신은정,94799525,Lead,선임분석가,설계팀,2025-07-21,128.219.37.170
sarah461,신은정,94799525,Lead,선임분석가,설계팀,2025-07-26,128.219.37.170
sarah461,신은정,94799525,Lead,선임분석가,설계팀,2025-07-30,128.219.37.170
sarah461,신은정,94799525,Lead,선임분석가,설계팀,2025-08-01,128.219.37.170
sarah461,신은정,94799525,Lead,선임분석가,설계팀,2025-08-02,128.219.37.170
sarah461,신은정,94799525,Lead,선임분석가,설계팀,2025-08-05,128.219.37.170
sarah461,신은정,94799525,Lead,선임분석가,설계팀,2025-08-07,128.219.37.170
sarah461,신은정,94799525,Lead,선임분석가,설계팀,2025-08-09,128.219.37.170
sarah461,신은정,94799525,Lead,선임분석가,설계팀,2025-08-10,128.219.37.170
sarah461,신은정,94799525,Lead,선임분석가,설계팀,2025-08-11,128.219.37.170
sarah461,신은정,94799525,Lead,선임분석가,설계팀,2025-08-14,128.219.37.170
sarah461,신은정,94799525,Lead,선임분석가,설계팀,2025-08-18,128.219.37.170
sarah461,신은정,94799525,Lead,선임분석가,설계팀,2025-08-29,128.219.37.170
sarah461,신은정,94799525,Lead,선임분석가,설계팀,2025-09-01,128.219.37.170
sarah461,신은정,94799525,Lead,선임분석가,설계팀,2025-09-02,128.219.37.170
sarah461,신은정,94799525,Lead,선임분석가,설계팀,2025-09-05,128.219.37.170
sarah461,신은정,94799525,Lead,선임분석가,설계팀,2025-09-07,128.219.37.170
sarah461,신은정,94799525,Lead,선임분석가,설계팀,2025-09-08,128.219.37.170
sarah461,신은정,94799525,Lead,선임분석가,설계팀,2025-09-11,128.219.37.170
sarah461,신은정,94799525,Lead,선임분석가,설계팀,2025-09-16,128.219.37.170
sarah461,신은정,94799525,Lead,선임분석가,설계팀,2025-09-19,128.219.37.170
sarah461,신은정,94799525,Lead,선임분석가,설계팀,2025-09-22,128.219.37.170
grace290,강지은,21623775,Analyst,리드,QA팀,2025-06-27,208.62.150.28
grace290,강지은,21623775,Analyst,리드,QA팀,2025-06-28,208.62.150.28
grace290,강지은,21623775,Analyst,리드,QA팀,2025-07-01,208.62.150.28
grace290,강지은,21623775,Analyst,리드,QA팀,2025-07-18,208.62.150.28
grace290,강지은,21623775,Analyst,리드,QA팀,2025-07-19,208.62.150.28
grace290,강지은,21623775,Analyst,리드,QA팀,2025-08-02,208.62.150.28
grace290,강지은,21623775,Analyst,리드,QA팀,2025-08-12,208.62.150.28
grace290,강지은,21623775,Analyst,리드,QA팀,2025-09-04,208.62.150.28
grace290,강지은,21623775,Analyst,리드,QA팀,2025-09-11,208.62.150.28
grace290,강지은,21623775,Analyst,리드,QA팀,2025-09-19,208.62.150.28
sarah843,임은정,97087166,Manager,선임개발자,보안팀,2025-07-05,255.57.52.123
steve824,조동현,32432289,Senior Analyst,어시스턴트,재무부,2025-07-01,201.36.215.139
steve824,조동현,32432289,Senior Analyst,어시스턴트,재무부,2025-07-08,201.36.215.139
steve824,조동현,32432289,Senior Analyst,어시스턴트,재무부,2025-07-17,201.36.215.139
steve824,조동현,32432289,Senior Analyst,어시스턴트,재무부,2025-07-25,201.36.215.139
steve824,조동현,32432289,Senior Analyst,어시스턴트,재무부,2025-08-15,201.36.215.139
steve824,조동현,32432289,Senior Analyst,어시스턴트,재무부,2025-08-16,201.36.215.139
steve824,조동현,32432289,Senior Analyst,어시스턴트,재무부,2025-08-27,201.36.215.139
steve824,조동현,32432289,Senior Analyst,어시스턴트,재무부,2025-08-28,201.36.215.139
steve824,조동현,32432289,Senior Analyst,어시스턴트,재무부,2025-09-14,201.36.215.139
steve824,조동현,32432289,Senior Analyst,어시스턴트,재무부,2025-09-15,201.36.215.139
steve824,조동현,32432289,Senior Analyst,어시스턴트,재무부,2025-09-18,201.36.215.139
steve824,조동현,32432289,Senior Analyst,어시스턴트,재무부,2025-09-22,201.36.215.139
mark042,장미영,51162215,Manager,어시스턴트,테스트팀,2025-07-13,239.231.191.31
mark042,장미영,51162215,Manager,어시스턴트,테스트팀,2025-07-15,239.231.191.31
mark042,장미영,51162215,Manager,어시스턴트,테스트팀,2025-07-17,239.231.191.31
mark042,장미영,51162215,Manager,어시스턴트,테스트팀,2025-07-20,239.231.191.31
mark042,장미영,51162215,Manager,어시스턴트,테스트팀,2025-07-25,239.231.191.31
mark042,장미영,51162215,Manager,어시스턴트,테스트팀,2025-07-28,239.231.191.31
mark042,장미영,51162215,Manager,어시스턴트,테스트팀,2025-08-08,239.231.191.31
mark042,장미영,51162215,Manager,어시스턴트,테스트팀,2025-08-11,239.231.191.31
mark042,장미영,51162215,Manager,어시스턴트,테스트팀,2025-08-22,239.231.191.31
mark042,장미영,51162215,Manager,어시스턴트,테스트팀,2025-09-05,239.231.191.31
mark042,장미영,51162215,Manager,어시스턴트,테스트팀,2025-09-07,239.231.191.31
mark042,장미영,51162215,Manager,어시스턴트,테스트팀,2025-09-12,239.231.191.31
mark042,장미영,51162215,Manager,어시스턴트,테스트팀,2025-09-14,239.231.191.31
mark042,장미영,51162215,Manager,어시스턴트,테스트팀,2025-09-21,239.231.191.31
james698,윤수지,10872968,Developer,코디네이터,마케팅부,2025-07-02,33.118.61.192
james698,윤수지,10872968,Developer,코디네이터,마케팅부,2025-07-06,33.118.61.192
james698,윤수지,10872968,Developer,코디네이터,마케팅부,2025-07-11,33.118.61.192
james698,윤수지,10872968,Developer,코디네이터,마케팅부,2025-07-14,33.118.61.192
james698,윤수지,10872968,Developer,코디네이터,마케팅부,2025-07-19,33.118.61.192
james698,윤수지,10872968,Developer,코디네이터,마케팅부,2025-07-26,33.118.61.192
james698,윤수지,10872968,Developer,코디네이터,마케팅부,2025-07-27,33.118.61.192
james698,윤수지,10872968,Developer,코디네이터,마케팅부,2025-07-31,33.118.61.192
james698,윤수지,10872968,Developer,코디네이터,마케팅부,2025-08-03,33.118.61.192
james698,윤수지,10872968,Developer,코디네이터,마케팅부,2025-08-11,33.118.61.192
james698,윤수지,10872968,Developer,코디네이터,마케팅부,2025-08-12,33.118.61.192
james698,윤수지,10872968,Developer,코디네이터,마케팅부,2025-08-16,33.118.61.192
james698,윤수지,10872968,Developer,코디네이터,마케팅부,2025-08-28,33.118.61.192
james698,윤수지,10872968,Developer,코디네이터,마케팅부,2025-09-04,33.118.61.192
james698,윤수지,10872968,Developer,코디네이터,마케팅부,2025-09-06,33.118.61.192
james698,윤수지,10872968,Developer,코디네이터,마케팅부,2025-09-09,33.118.61.192
james698,윤수지,10872968,Developer,코디네이터,마케팅부,2025-09-22,33.118.61.192
mark064,서철수,61300206,Lead,선임개발자,재무부,2025-07-01,112.25.84.166
mark064,서철수,61300206,Lead,선임개발자,재무부,2025-07-10,112.25.84.166
mark064,서철수,61300206,Lead,선임개발자,재무부,2025-07-20,112.25.84.166
mark064,서철수,61300206,Lead,선임개발자,재무부,2025-07-29,112.25.84.166
mark064,서철수,61300206,Lead,선임개발자,재무부,2025-08-07,112.25.84.166
mark064,서철수,61300206,Lead,선임개발자,재무부,2025-08-12,112.25.84.166
mark064,서철수,61300206,Lead,선임개발자,재무부,2025-08-21,112.25.84.166
mark064,서철수,61300206,Lead,선임개발자,재무부,2025-08-24,112.25.84.166
mark064,서철수,61300206,Lead,선임개발자,재무부,2025-08-25,112.25.84.166
mark064,서철수,61300206,Lead,선임개발자,재무부,2025-08-27,112.25.84.166
mark064,서철수,61300206,Lead,선임개발자,재무부,2025-08-29,112.25.84.166
mark064,서철수,61300206,Lead,선임개발자,재무부,2025-09-06,112.25.84.166
mark064,서철수,61300206,Lead,선임개발자,재무부,2025-09-11,112.25.84.166
mark064,서철수,61300206,Lead,선임개발자,재무부,2025-09-12,112.25.84.166
mark064,서철수,61300206,Lead,선임개발자,재무부,2025-09-14,112.25.84.166
mark064,서철수,61300206,Lead,선임개발자,재무부,2025-09-16,112.25.84.166
mark064,서철수,61300206,Lead,선임개발자,재무부,2025-09-17,112.25.84.166
mark064,서철수,61300206,Lead,선임개발자,재무부,2025-09-19,112.25.84.166
mark064,서철수,61300206,Lead,선임개발자,재무부,2025-09-23,112.25.84.166
steve054,한선미,97192362,Senior Engineer,개발자,구매팀,2025-07-10,77.227.104.250
steve054,한선미,97192362,Senior Engineer,개발자,구매팀,2025-08-08,77.227.104.250
steve054,한선미,97192362,Senior Engineer,개발자,구매팀,2025-09-01,77.227.104.250
amy866,윤소영,29198162,Specialist,개발자,연구개발부,2025-06-28,45.169.192.74
amy866,윤소영,29198162,Specialist,개발자,연구개발부,2025-07-03,45.169.192.74
amy866,윤소영,29198162,Specialist,개발자,연구개발부,2025-07-07,45.169.192.74
amy866,윤소영,29198162,Specialist,개발자,연구개발부,2025-07-10,45.169.192.74
amy866,윤소영,29198162,Specialist,개발자,연구개발부,2025-07-12,45.169.192.74
amy866,윤소영,29198162,Specialist,개발자,연구개발부,2025-07-15,45.169.192.74
amy866,윤소영,29198162,Specialist,개발자,연구개발부,2025-07-18,45.169.192.74
amy866,윤소영,29198162,Specialist,개발자,연구개발부,2025-07-19,45.169.192.74
amy866,윤소영,29198162,Specialist,개발자,연구개발부,2025-07-26,45.169.192.74
amy866,윤소영,29198162,Specialist,개발자,연구개발부,2025-07-30,45.169.192.74
amy866,윤소영,29198162,Specialist,개발자,연구개발부,2025-07-31,45.169.192.74
amy866,윤소영,29198162,Specialist,개발자,연구개발부,2025-08-02,45.169.192.74
amy866,윤소영,29198162,Specialist,개발자,연구개발부,2025-08-03,45.169.192.74
amy866,윤소영,29198162,Specialist,개발자,연구개발부,2025-08-08,45.169.192.74
amy866,윤소영,29198162,Specialist,개발자,연구개발부,2025-08-09,45.169.192.74
amy866,윤소영,29198162,Specialist,개발자,연구개발부,2025-08-11,45.169.192.74
amy866,윤소영,29198162,Specialist,개발자,연구개발부,2025-08-12,45.169.192.74
amy866,윤소영,29198162,Specialist,개발자,연구개발부,2025-08-22,45.169.192.74
amy866,윤소영,29198162,Specialist,개발자,연구개발부,2025-08-23,45.169.192.74
amy866,윤소영,29198162,Specialist,개발자,연구개발부,2025-09-01,45.169.192.74
amy866,윤소영,29198162,Specialist,개발자,연구개발부,2025-09-06,45.169.192.74
amy866,윤소영,29198162,Specialist,개발자,연구개발부,2025-09-13,45.169.192.74
steve149,오지은,49443321,Manager,전문가,반도체사업부,2025-07-17,34.26.236.217
steve149,오지은,49443321,Manager,전문가,반도체사업부,2025-08-14,34.26.236.217
steve149,오지은,49443321,Manager,전문가,반도체사업부,2025-09-04,34.26.236.217
steve149,오지은,49443321,Manager,전문가,반도체사업부,2025-09-17,34.26.236.217
nina824,장광수,37313346,Assistant,어시스턴트,물류팀,2025-07-04,181.232.6.103
nina824,장광수,37313346,Assistant,어시스턴트,물류팀,2025-07-05,181.232.6.103
nina824,장광수,37313346,Assistant,어시스턴트,물류팀,2025-07-09,181.232.6.103
nina824,장광수,37313346,Assistant,어시스턴트,물류팀,2025-07-13,181.232.6.103
nina824,장광수,37313346,Assistant,어시스턴트,물류팀,2025-07-26,181.232.6.103
nina824,장광수,37313346,Assistant,어시스턴트,물류팀,2025-07-31,181.232.6.103
nina824,장광수,37313346,Assistant,어시스턴트,물류팀,2025-08-04,181.232.6.103
nina824,장광수,37313346,Assistant,어시스턴트,물류팀,2025-09-08,181.232.6.103
nina824,장광수,37313346,Assistant,어시스턴트,물류팀,2025-09-10,181.232.6.103
nina824,장광수,37313346,Assistant,어시스턴트,물류팀,2025-09-13,181.232.6.103
nina824,장광수,37313346,Assistant,어시스턴트,물류팀,2025-09-15,181.232.6.103
nina824,장광수,37313346,Assistant,어시스턴트,물류팀,2025-09-22,181.232.6.103
sarah699,신지은,18467307,Director,부장,구매팀,2025-06-27,112.206.75.158
sarah699,신지은,18467307,Director,부장,구매팀,2025-07-11,112.206.75.158
sarah699,신지은,18467307,Director,부장,구매팀,2025-07-14,112.206.75.158
sarah699,신지은,18467307,Director,부장,구매팀,2025-07-15,112.206.75.158
sarah699,신지은,18467307,Director,부장,구매팀,2025-07-30,112.206.75.158
sarah699,신지은,18467307,Director,부장,구매팀,2025-08-13,112.206.75.158
sarah699,신지은,18467307,Director,부장,구매팀,2025-09-06,112.206.75.158
sarah699,신지은,18467307,Director,부장,구매팀,2025-09-12,112.206.75.158
sarah699,신지은,18467307,Director,부장,구매팀,2025-09-14,112.206.75.158
sarah699,신지은,18467307,Director,부장,구매팀,2025-09-17,112.206.75.158
sarah699,신지은,18467307,Director,부장,구매팀,2025-09-18,112.206.75.158
